GL Code,Level0,Level0_id,Level 1,Level1_id,Level 2,Level2_id,Level 3,Level3_id,Level 4,Type
1001001001,TOTAL ASSETS,1,INVESTMENTS,1001,INVESTMENTS,1001001,Unknown,1,INVESTMENT IN ORDINARY SHARES,Current
1001001002,TOTAL ASSETS,1,INVESTMENTS,1001,INVESTMENTS,1001001,Unknown,2,INVESTMENT ON TFCS and T-Bills,Current
1001001003,TOTAL ASSETS,1,INVESTMENTS,1001,INVESTMENTS,1001001,Unknown,3,INVESTMENT ON BONDS,Current
1001001004,TOTAL ASSETS,1,INVESTMENTS,1001,INVESTMENTS,1001001,Unknown,4,INVESTMENT ON TERM DEPOSIT,Current
1001001005,TOTAL ASSETS,1,INVESTMENTS,1001,INVESTMENTS,1001001,Unknown,5,INVESTMENT ON STATUTORY DEPOSIT,Current
1001001006,TOTAL ASSETS,1,INVESTMENTS,1001,INVESTMENTS,1001001,Unknown,6,INVESTMENT IN MUTUAL FUNDS,Current
1001001007,TOTAL ASSETS,1,INVESTMENTS,1001,INVESTMENTS,1001001,Unknown,7,TEXTILE SPINNING,Current
1001001008,TOTAL ASSETS,1,INVESTMENTS,1001,INVESTMENTS,1001001,Unknown,8,TEXTILE WEAVING,Current
1001001009,TOTAL ASSETS,1,INVESTMENTS,1001,INVESTMENTS,1001001,Unknown,9,TEXTILE COMPOSITE,Current
1001001010,TOTAL ASSETS,1,INVESTMENTS,1001,INVESTMENTS,1001001,Unknown,10,WOOLLEN,Current
1001001011,TOTAL ASSETS,1,INVESTMENTS,1001,INVESTMENTS,1001001,Unknown,11,SYNTHETIC & RAYON,Current
1001001012,TOTAL ASSETS,1,INVESTMENTS,1001,INVESTMENTS,1001001,Unknown,12,JUTE,Current
1001001013,TOTAL ASSETS,1,INVESTMENTS,1001,INVESTMENTS,1001001,Unknown,13,SUGAR & ALLIED IND.,Current
1001001014,TOTAL ASSETS,1,INVESTMENTS,1001,INVESTMENTS,1001001,Unknown,14,CEMENT,Current
1001001015,TOTAL ASSETS,1,INVESTMENTS,1001,INVESTMENTS,1001001,Unknown,15,TOBACCO,Current
1001001016,TOTAL ASSETS,1,INVESTMENTS,1001,INVESTMENTS,1001001,Unknown,16,REFINERY,Current
1001001017,TOTAL ASSETS,1,INVESTMENTS,1001,INVESTMENTS,1001001,Unknown,17,POWER GENERATION & DISTRIBUTION,Current
1001001018,TOTAL ASSETS,1,INVESTMENTS,1001,INVESTMENTS,1001001,Unknown,18,OIL & GAS MARKETING CO.,Current
1001001019,TOTAL ASSETS,1,INVESTMENTS,1001,INVESTMENTS,1001001,Unknown,19,OIL & GAS EXPLORATION COS,Current
1001001020,TOTAL ASSETS,1,INVESTMENTS,1001,INVESTMENTS,1001001,Unknown,20,ENGINEERING,Current
1001001021,TOTAL ASSETS,1,INVESTMENTS,1001,INVESTMENTS,1001001,Unknown,21,AUTOMOBILE ASSEMBLER,Current
1001001022,TOTAL ASSETS,1,INVESTMENTS,1001,INVESTMENTS,1001001,Unknown,22,CABLES & ELECT. GOODS,Current
1001001023,TOTAL ASSETS,1,INVESTMENTS,1001,INVESTMENTS,1001001,Unknown,23,TRANSPORT,Current
1001001024,TOTAL ASSETS,1,INVESTMENTS,1001,INVESTMENTS,1001001,Unknown,24,TECHNOLOGY & COMM,Current
1001001025,TOTAL ASSETS,1,INVESTMENTS,1001,INVESTMENTS,1001001,Unknown,25,FERTILIZER,Current
1001001026,TOTAL ASSETS,1,INVESTMENTS,1001,INVESTMENTS,1001001,Unknown,26,PHARMACEUTICAL,Current
1001001027,TOTAL ASSETS,1,INVESTMENTS,1001,INVESTMENTS,1001001,Unknown,27,CHEMICAL,Current
1001001028,TOTAL ASSETS,1,INVESTMENTS,1001,INVESTMENTS,1001001,Unknown,28,PAPER & BOARD,Current
1001001029,TOTAL ASSETS,1,INVESTMENTS,1001,INVESTMENTS,1001001,Unknown,29,VANASPATI & ALLIED IND.,Current
1001001030,TOTAL ASSETS,1,INVESTMENTS,1001,INVESTMENTS,1001001,Unknown,30,LEATHER & TANNERIES,Current
1001001031,TOTAL ASSETS,1,INVESTMENTS,1001,INVESTMENTS,1001001,Unknown,31,FOOD & PERSONAL CARE PRODUCTS,Current
1001001032,TOTAL ASSETS,1,INVESTMENTS,1001,INVESTMENTS,1001001,Unknown,32,GLASS & CERAMICS,Current
1001001033,TOTAL ASSETS,1,INVESTMENTS,1001,INVESTMENTS,1001001,Unknown,33,MISCELLANEOUS,Current
1001001034,TOTAL ASSETS,1,INVESTMENTS,1001,INVESTMENTS,1001001,Unknown,34,INVESTMENT IN CFS,Current
1001001035,TOTAL ASSETS,1,INVESTMENTS,1001,INVESTMENTS,1001001,Unknown,35,ATLAS ISLAMIC FUND,Current
1001001036,TOTAL ASSETS,1,INVESTMENTS,1001,INVESTMENTS,1001001,Unknown,36,BANKING,Current
1001001037,TOTAL ASSETS,1,INVESTMENTS,1001,INVESTMENTS,1001001,Unknown,37,UNAMORTIZED PREMIUM ON STATUTORY DEPOSIT,Current
1001001038,TOTAL ASSETS,1,INVESTMENTS,1001,INVESTMENTS,1001001,Unknown,38,Investment in Mudarba/SMC (SHF),Current
1002001001,TOTAL ASSETS,1,FIXED ASSETS,1002,FREE HOLD LAND,1002001,Unknown,39,FREE HOLD LAND,Current
1002002001,TOTAL ASSETS,1,FIXED ASSETS,1002,BUILDING,1002002,Unknown,40,BUILDING,Current
1002003001,TOTAL ASSETS,1,FIXED ASSETS,1002,VEHICLES,1002003,Unknown,41,VEHICLES,Current
1002004001,TOTAL ASSETS,1,FIXED ASSETS,1002,FURNITURE & FIXTURE,1002004,Unknown,42,FURNITURE & FIXTURE,Current
1002005001,TOTAL ASSETS,1,FIXED ASSETS,1002,OFFICE EQUIPMENT,1002005,Unknown,43,OFFICE EQUIPMENT,Current
1002006001,TOTAL ASSETS,1,FIXED ASSETS,1002,COMPUTERS,1002006,Unknown,44,COMPUTERS,Current
1002007001,TOTAL ASSETS,1,FIXED ASSETS,1002,CAPITAL WORK IN PROGRESS,1002007,Unknown,45,CAPITAL WORK IN PROGRESS,Current
1004001001,TOTAL ASSETS,1,DEFERRED COMMISSION EXPENSES,1004,DEFERRED COMMISSION EXPENSES,1004001,Unknown,46,DEFERRED COMMISSION EXPENSES,Current
1004001002,TOTAL ASSETS,1,DEFERRED COMMISSION EXPENSES,1004,DEFERRED COMMISSION EXPENSES,1004001,Unknown,47,DEFERRED WAKALA FEE EXPENSE (PTF),Current
1005001001,TOTAL ASSETS,1,CURRENT ASSETS,1005,CASH & OTHER EQUIVALENT,1005001,Unknown,48,PETTY CASH,Current
1005001002,TOTAL ASSETS,1,CURRENT ASSETS,1005,CASH & OTHER EQUIVALENT,1005001,Unknown,49,STAMPS IN HAND,Current
1005001003,TOTAL ASSETS,1,CURRENT ASSETS,1005,CASH & OTHER EQUIVALENT,1005001,Unknown,50,PETTY CASH (PTF),Current
1006001001,TOTAL ASSETS,1,BANKS A/C,1006,ALLIED BANK LTD,1006001,Unknown,51,ALLIED BANK LTD. A/C. # 19998-3 BSB (COL),Current
1006001002,TOTAL ASSETS,1,BANKS A/C,1006,ALLIED BANK LTD,1006001,Unknown,52,ALLIED BANK LTD. A/C. #  16262-9 BSB (IMP),Current
1006001003,TOTAL ASSETS,1,BANKS A/C,1006,ALLIED BANK LTD,1006001,Unknown,53,ALLIED BANK LTD. A/C. # 0010000275740029 NRB (IMP) (Closed),Current
1006001004,TOTAL ASSETS,1,BANKS A/C,1006,ALLIED BANK LTD,1006001,Unknown,54,ALLIED BANK LTD. A/C. # 0010000275740035 NRB (COL)(Closed),Current
1006001005,TOTAL ASSETS,1,BANKS A/C,1006,ALLIED BANK LTD,1006001,Unknown,55,ALLIED BANK LTD. A/C. # 2954 SWL (IMP) (Closed),Current
1006001006,TOTAL ASSETS,1,BANKS A/C,1006,ALLIED BANK LTD,1006001,Unknown,56,ALLIED BANK LTD. A/C. # 2953 SWL (COL) (Closed),Current
1006001007,TOTAL ASSETS,1,BANKS A/C,1006,ALLIED BANK LTD,1006001,Unknown,57,ALLIED BANK LTD. A/C. # 902 HSP (COL),Current
1006001008,TOTAL ASSETS,1,BANKS A/C,1006,ALLIED BANK LTD,1006001,Unknown,58,ALLIED BANK LTD. A/C. # 0010000813320015 FJR (IMP) Closed,Current
1006001009,TOTAL ASSETS,1,BANKS A/C,1006,ALLIED BANK LTD,1006001,Unknown,59,ALLIED BANK LTD. A/C.0010000813330014  FJR (COL) Closed,Current
1006001010,TOTAL ASSETS,1,BANKS A/C,1006,ALLIED BANK LTD,1006001,Unknown,60,ALLIED BANK LTD. A/C. # 13862-5 H.O. (COL) (Closed),Current
1006001011,TOTAL ASSETS,1,BANKS A/C,1006,ALLIED BANK LTD,1006001,Unknown,61,ALLIED BANK LTD. A/C. # 19236-7 H.O (DIV),Current
1006001012,TOTAL ASSETS,1,BANKS A/C,1006,ALLIED BANK LTD,1006001,Unknown,62,ALLIED BANK LTD. A/C. # 5990 FSD (COL),Current
1006001013,TOTAL ASSETS,1,BANKS A/C,1006,ALLIED BANK LTD,1006001,Unknown,63,ALLIED BANK LTD. A/C. # 1812-1 ISD (IMP),Current
1006001014,TOTAL ASSETS,1,BANKS A/C,1006,ALLIED BANK LTD,1006001,Unknown,64,ALLIED BANK LTD. A/C. # 1811-0 ISD (COL),Current
1006001015,TOTAL ASSETS,1,BANKS A/C,1006,ALLIED BANK LTD,1006001,Unknown,65,ALLIED BANK LTD. A/C. # 1178-8 TWR (IMP),Current
1006001016,TOTAL ASSETS,1,BANKS A/C,1006,ALLIED BANK LTD,1006001,Unknown,66,ALLIED BANK LTD. A/C. # 1170-0 TWR (COL) (Closed),Current
1006001017,TOTAL ASSETS,1,BANKS A/C,1006,ALLIED BANK LTD,1006001,Unknown,67,ALLIED BANK LTD. A/C. # 0010003052430022 HYD (IMP) (Closed),Current
1006001018,TOTAL ASSETS,1,BANKS A/C,1006,ALLIED BANK LTD,1006001,Unknown,68,ALLIED BANK LTD. A/C. # 01-262-0045-7 HYD (COL) (Closed),Current
1006001019,TOTAL ASSETS,1,BANKS A/C,1006,ALLIED BANK LTD,1006001,Unknown,69,ALLIED BANK LTD. A/C. # 1680-6 SUK (COL),Current
1006001020,TOTAL ASSETS,1,BANKS A/C,1006,ALLIED BANK LTD,1006001,Unknown,70,ALLIED BANK LTD. A/C. # 1681-7 SUK (IMP),Current
1006001021,TOTAL ASSETS,1,BANKS A/C,1006,ALLIED BANK LTD,1006001,Unknown,71,ALLIED BANK LTD. A/C. #  680-3 Z.O. KHI (COL) (Closed),Current
1006001022,TOTAL ASSETS,1,BANKS A/C,1006,ALLIED BANK LTD,1006001,Unknown,72,ALLIED BANK LTD. A/C. # 681-4 Z.O. KHI (IMP),Current
1006001023,TOTAL ASSETS,1,BANKS A/C,1006,ALLIED BANK LTD,1006001,Unknown,73,ALLIED BANK LTD. A/C. # 0010005192410030 SKT (COL) (Closed),Current
1006001024,TOTAL ASSETS,1,BANKS A/C,1006,ALLIED BANK LTD,1006001,Unknown,74,ALLIED BANK LTD. A/C. # 0010005192410024 SKT (IMP) (Closed),Current
1006001025,TOTAL ASSETS,1,BANKS A/C,1006,ALLIED BANK LTD,1006001,Unknown,75,ALLIED BANK LTD. A/C. 0010000275740058 HYD (COL) (Closed),Current
1006001026,TOTAL ASSETS,1,BANKS A/C,1006,ALLIED BANK LTD,1006001,Unknown,76,ALLIED BANK LTD. A/C.0010000275740041 HO (COL) (Closed),Current
1006001027,TOTAL ASSETS,1,BANKS A/C,1006,ALLIED BANK LTD,1006001,Unknown,77,AL-BARAKA ISLAMIC BANK A/C # 36-00-00-00800,Current
1006001203,TOTAL ASSETS,1,BANKS A/C,1006,ALLIED BANK LTD,1006001,Unknown,78,FAYSAL BANK LTD A/C # 01731450004487 (COL) ZO (Closed),Current
1006001204,TOTAL ASSETS,1,BANKS A/C,1006,ALLIED BANK LTD,1006001,Unknown,79,FAYSAL BANK LTD A/C # 01730060004486 (IMP) ZO,Current
1006002001,TOTAL ASSETS,1,BANKS A/C,1006,HABIB BANK LTD.,1006002,Unknown,80,HABIB BANK LTD. A/C. # 21000-96 RWP (IMP) (Closed),Current
1006002002,TOTAL ASSETS,1,BANKS A/C,1006,HABIB BANK LTD.,1006002,Unknown,81,HABIB BANK LTD. A/C. # 20272-14 RWP (COL),Current
1006002003,TOTAL ASSETS,1,BANKS A/C,1006,HABIB BANK LTD.,1006002,Unknown,82,HABIB BANK LTD. A/C. # 1875325-03 H.O (COL) Closed,Current
1006002004,TOTAL ASSETS,1,BANKS A/C,1006,HABIB BANK LTD.,1006002,Unknown,83,HABIB BANK LTD. A/C. # 8497-57 SUK (COL),Current
1006002005,TOTAL ASSETS,1,BANKS A/C,1006,HABIB BANK LTD.,1006002,Unknown,84,HABIB BANK LTD. A/C. # 2806-16 TRB  (COL) (Closed),Current
1006002006,TOTAL ASSETS,1,BANKS A/C,1006,HABIB BANK LTD.,1006002,Unknown,85,HABIB BANK LTD. A/C. # 2807-97 TRB (IMP) (Closed),Current
1006002007,TOTAL ASSETS,1,BANKS A/C,1006,HABIB BANK LTD.,1006002,Unknown,86,HABIB BANK LTD. A/C. # 33670-93 HO (IMP),Current
1006002008,TOTAL ASSETS,1,BANKS A/C,1006,HABIB BANK LTD.,1006002,Unknown,87,HBL A/C # 00127900114103 (COL) ZAMZAMA (Closed),Current
1006002009,TOTAL ASSETS,1,BANKS A/C,1006,HABIB BANK LTD.,1006002,Unknown,88,HBL A/C # 00127900113903 (IMP) ZAMZAMA (Closed),Current
1006002010,TOTAL ASSETS,1,BANKS A/C,1006,HABIB BANK LTD.,1006002,Unknown,89,HBL A/C # 0135-79015301-03 Div. (Closed),Current
1006002011,TOTAL ASSETS,1,BANKS A/C,1006,HABIB BANK LTD.,1006002,Unknown,90,HBL A/C # 06117900564001 (Coll) BCB (Closed),Current
1006002012,TOTAL ASSETS,1,BANKS A/C,1006,HABIB BANK LTD.,1006002,Unknown,91,HBL A/C # 06117900566201 (IMP) BCB,Current
1006002013,TOTAL ASSETS,1,BANKS A/C,1006,HABIB BANK LTD.,1006002,Unknown,92,Habib Bank Ltd A/c # 01357901960801 PLS(HO),Current
1006003001,TOTAL ASSETS,1,BANKS A/C,1006,MUSLIM COMMERCIAL BANK LTD.,1006003,Unknown,93,MUSLIM COMM BANK A/C. # 1590-1 MRB (IMP),Current
1006003002,TOTAL ASSETS,1,BANKS A/C,1006,MUSLIM COMMERCIAL BANK LTD.,1006003,Unknown,94,MUSLIM COMM BANK A/C. # 4742-7 MRB (COL),Current
1006003003,TOTAL ASSETS,1,BANKS A/C,1006,MUSLIM COMMERCIAL BANK LTD.,1006003,Unknown,95,MUSLIM COMM BANK A/C. # 4234-4 H.O (COL) (Closed),Current
1006003004,TOTAL ASSETS,1,BANKS A/C,1006,MUSLIM COMMERCIAL BANK LTD.,1006003,Unknown,96,MUSLIM COMM BANK A/C. # 2628-7 PWR-2 (COL) (Closed),Current
1006003005,TOTAL ASSETS,1,BANKS A/C,1006,MUSLIM COMMERCIAL BANK LTD.,1006003,Unknown,97,MUSLIM COMM BANK A/C. # 2190-1 FSD-II (COL) (Closed),Current
1006003006,TOTAL ASSETS,1,BANKS A/C,1006,MUSLIM COMMERCIAL BANK LTD.,1006003,Unknown,98,MUSLIM COMM BANK A/C. #  2189-5 FSD-II (IMP) Closed,Current
1006003007,TOTAL ASSETS,1,BANKS A/C,1006,MUSLIM COMMERCIAL BANK LTD.,1006003,Unknown,99,MUSLIM COMM BANK A/C. # 567-6 BWP (COL),Current
1006003008,TOTAL ASSETS,1,BANKS A/C,1006,MUSLIM COMMERCIAL BANK LTD.,1006003,Unknown,100,MUSLIM COMM BANK A/C. # 568-4 BWP (IMP),Current
1006003009,TOTAL ASSETS,1,BANKS A/C,1006,MUSLIM COMMERCIAL BANK LTD.,1006003,Unknown,101,MUSLIM COMM BANK A/C. # 2-1796-1 RPB (IMP) (Closed),Current
1006003010,TOTAL ASSETS,1,BANKS A/C,1006,MUSLIM COMMERCIAL BANK LTD.,1006003,Unknown,102,MUSLIM COMM BANK A/C. # 6298-3 RPB (COL) (Closed),Current
1006003011,TOTAL ASSETS,1,BANKS A/C,1006,MUSLIM COMMERCIAL BANK LTD.,1006003,Unknown,103,MUSLIM COMM BANK A/C. # 2404-5 KHI-V (IMP),Current
1006003012,TOTAL ASSETS,1,BANKS A/C,1006,MUSLIM COMMERCIAL BANK LTD.,1006003,Unknown,104,MUSLIM COMM BANK A/C. # 4168-0 SUK (IMP) Closed,Current
1006003013,TOTAL ASSETS,1,BANKS A/C,1006,MUSLIM COMMERCIAL BANK LTD.,1006003,Unknown,105,MUSLIM COMM BANK A/C. # 4167-2 SUK (COL) (Closed),Current
1006003014,TOTAL ASSETS,1,BANKS A/C,1006,MUSLIM COMMERCIAL BANK LTD.,1006003,Unknown,106,MUSLIM COMM BANK A/C. # 2629-7 PWR-2 (IMP) (Closed),Current
1006003015,TOTAL ASSETS,1,BANKS A/C,1006,MUSLIM COMMERCIAL BANK LTD.,1006003,Unknown,107,MUSLIM COMM BANK A/C. # 12293-3 CITY  (COL),Current
1006003016,TOTAL ASSETS,1,BANKS A/C,1006,MUSLIM COMMERCIAL BANK LTD.,1006003,Unknown,108,MUSLIM COMM BANK A/C. # 12292 CITY (IMP),Current
1006003017,TOTAL ASSETS,1,BANKS A/C,1006,MUSLIM COMMERCIAL BANK LTD.,1006003,Unknown,109,MUSLIM COMM BANK A/C. # 641300271002867 ALN (IMP) Closed,Current
1006003018,TOTAL ASSETS,1,BANKS A/C,1006,MUSLIM COMMERCIAL BANK LTD.,1006003,Unknown,110,MUSLIM COMM BANK A/C. # 641300271002868 ALN (COLL) Closed,Current
1006003019,TOTAL ASSETS,1,BANKS A/C,1006,MUSLIM COMMERCIAL BANK LTD.,1006003,Unknown,111,MCB  0641300271000651 HO (COL),Current
1006004001,TOTAL ASSETS,1,BANKS A/C,1006,NATIONAL BANK OF PAKISTAN,1006004,Unknown,112,NATIONAL BANK A/C. # 600-8 MUL (COL) closed,Current
1006004002,TOTAL ASSETS,1,BANKS A/C,1006,NATIONAL BANK OF PAKISTAN,1006004,Unknown,113,NATIONAL BANK A/C. # 601-7 MUL (IMP) Closed,Current
1006005001,TOTAL ASSETS,1,BANKS A/C,1006,UNITED BANK LIMITED,1006005,Unknown,114,UNITED BANK A/C. # 756-02 ANB (IMP) (Closed),Current
1006005002,TOTAL ASSETS,1,BANKS A/C,1006,UNITED BANK LIMITED,1006005,Unknown,115,UNITED BANK A/C. # 169-4 ANB (COL) (Closed),Current
1006005003,TOTAL ASSETS,1,BANKS A/C,1006,UNITED BANK LIMITED,1006005,Unknown,116,UNITED BANK A/C. # 3344-4 SLK (COL),Current
1006005004,TOTAL ASSETS,1,BANKS A/C,1006,UNITED BANK LIMITED,1006005,Unknown,117,UNITED BANK A/C. # 3341-3 SLK (IMP),Current
1006005005,TOTAL ASSETS,1,BANKS A/C,1006,UNITED BANK LIMITED,1006005,Unknown,118,UNITED BANK A/C. # 3067 SWL (COL),Current
1006005006,TOTAL ASSETS,1,BANKS A/C,1006,UNITED BANK LIMITED,1006005,Unknown,119,UNITED BANK A/C. # 629-2 KHI (COL),Current
1006005007,TOTAL ASSETS,1,BANKS A/C,1006,UNITED BANK LIMITED,1006005,Unknown,120,UNITED BANK A/C. # 628-5 KHI (IMP),Current
1006005008,TOTAL ASSETS,1,BANKS A/C,1006,UNITED BANK LIMITED,1006005,Unknown,121,UNITED BANK A/C. # 3294-9 Z.O (IMP),Current
1006005009,TOTAL ASSETS,1,BANKS A/C,1006,UNITED BANK LIMITED,1006005,Unknown,122,UNITED BANK A/C. # 9639-9 CORP (IMP) (Closed),Current
1006005010,TOTAL ASSETS,1,BANKS A/C,1006,UNITED BANK LIMITED,1006005,Unknown,123,UNITED BANK A/C. # 9640-9 CORP (COL) (Closed),Current
1006005011,TOTAL ASSETS,1,BANKS A/C,1006,UNITED BANK LIMITED,1006005,Unknown,124,UNITED BANK A/C. # 114098-1 ANB (IMP) (Closed),Current
1006005012,TOTAL ASSETS,1,BANKS A/C,1006,UNITED BANK LIMITED,1006005,Unknown,125,UNITED BANK A/C. # 0108543-2 GWL (IMP),Current
1006005013,TOTAL ASSETS,1,BANKS A/C,1006,UNITED BANK LIMITED,1006005,Unknown,126,UNITED BANK A/C. # 0108542-5 GWL (COL),Current
1006005014,TOTAL ASSETS,1,BANKS A/C,1006,UNITED BANK LIMITED,1006005,Unknown,127,UNITED BANK PEOPLES COLONY BRANCH,Current
1006005015,TOTAL ASSETS,1,BANKS A/C,1006,UNITED BANK LIMITED,1006005,Unknown,128,UNITED BANK A/C # 010-2862-0 PCB (IMP) (Closed),Current
1006006001,TOTAL ASSETS,1,BANKS A/C,1006,STANDARD CHARTERED BANK,1006006,Unknown,129,S.C.B A/C. #  6521983-01 FSD-I (COL) (Closed),Current
1006006002,TOTAL ASSETS,1,BANKS A/C,1006,STANDARD CHARTERED BANK,1006006,Unknown,130,S.C.B A/C. # 6521991-01 FSD-I (IMP) (Closed),Current
1006006003,TOTAL ASSETS,1,BANKS A/C,1006,STANDARD CHARTERED BANK,1006006,Unknown,131,S.C.B A/C. # 011-02066801 Z.O (COL) (Closed),Current
1006006004,TOTAL ASSETS,1,BANKS A/C,1006,STANDARD CHARTERED BANK,1006006,Unknown,132,SONERI BANK LTD A/C # 02-01-1644622,Current
1006007001,TOTAL ASSETS,1,BANKS A/C,1006,BANK OF TOKYO,1006007,Unknown,133,BANK OF TOKYO A/C. # 2067-14 GROUP (COL),Current
1006008001,TOTAL ASSETS,1,BANKS A/C,1006,ASKARI COMMERCIAL BANK,1006008,Unknown,134,ASKARI COMM BANK A/C. # 804-6 KHI-6 (COL),Current
1006008002,TOTAL ASSETS,1,BANKS A/C,1006,ASKARI COMMERCIAL BANK,1006008,Unknown,135,ASKARI COMM BANK A/C. # 805-3 KHI-6 (IMP),Current
1006008003,TOTAL ASSETS,1,BANKS A/C,1006,ASKARI COMMERCIAL BANK,1006008,Unknown,136,ASKARI COMM BANK A/C # 39-01-165-0202-2,Current
1006009001,TOTAL ASSETS,1,BANKS A/C,1006,BANK ALFALAH LTD,1006009,Unknown,137,BANK ALFALAH LTD A/C. # 00661002884436 CITY (COL),Current
1006009002,TOTAL ASSETS,1,BANKS A/C,1006,BANK ALFALAH LTD,1006009,Unknown,138,BANK ALFALAH LTD. A/C. # 0066-1002889248 HO (COL),Current
1006009003,TOTAL ASSETS,1,BANKS A/C,1006,BANK ALFALAH LTD,1006009,Unknown,139,Bank Alfalah Ltd A/c # 0333-100-4090248 NRB (Coll) (Closed),Current
1006009004,TOTAL ASSETS,1,BANKS A/C,1006,BANK ALFALAH LTD,1006009,Unknown,140,Bank Alfalah Ltd A/c # 0333-100-4090401 (Imp) Closed,Current
1006009005,TOTAL ASSETS,1,BANKS A/C,1006,BANK ALFALAH LTD,1006009,Unknown,141,Bank Alfalah Ltd A/c # 00451004105770 HYD (Coll) Closed,Current
1006009006,TOTAL ASSETS,1,BANKS A/C,1006,BANK ALFALAH LTD,1006009,Unknown,142,Bank Alfalah Ltd A/c # 00451004125820 HYD (Imp) Closed,Current
1006009007,TOTAL ASSETS,1,BANKS A/C,1006,BANK ALFALAH LTD,1006009,Unknown,143,Bank Alfalah Ltd A/c # 00271004073484 TRB(Coll) Closed,Current
1006009008,TOTAL ASSETS,1,BANKS A/C,1006,BANK ALFALAH LTD,1006009,Unknown,144,Bank Alfalah Ltd A/c # 00271004073521 TRB(Imp) Closed,Current
1006009009,TOTAL ASSETS,1,BANKS A/C,1006,BANK ALFALAH LTD,1006009,Unknown,145,Bank Alfalah Ltd A/c # 00291004076868 SKT(Coll) Closed,Current
1006009010,TOTAL ASSETS,1,BANKS A/C,1006,BANK ALFALAH LTD,1006009,Unknown,146,Bank Alfalah Ltd A/c # 03021004077526 Plaza (Coll) Closed,Current
1006009011,TOTAL ASSETS,1,BANKS A/C,1006,BANK ALFALAH LTD,1006009,Unknown,147,Bank Alfalah Ltd A/c # 03021004077654 Plaza (Imp) Closed,Current
1006009012,TOTAL ASSETS,1,BANKS A/C,1006,BANK ALFALAH LTD,1006009,Unknown,148,Bank Alfalah Ltd. A/c. 00291004075753 SKT (IMP) Closed,Current
1006009013,TOTAL ASSETS,1,BANKS A/C,1006,BANK ALFALAH LTD,1006009,Unknown,149,Bank Alfalah A/c.# 1005362200 (Coll) SHL (Closed),Current
1006010001,TOTAL ASSETS,1,BANKS A/C,1006,SHORT TERM DEPOSIT,1006010,Unknown,150,DEPOSIT METURITY WITHIN 12 MONTHS,Current
1006010002,TOTAL ASSETS,1,BANKS A/C,1006,SHORT TERM DEPOSIT,1006010,Unknown,151,SHORT TERM DEPOSIT METURITY WITHIN 7 DAYS,Current
1006010003,TOTAL ASSETS,1,BANKS A/C,1006,SHORT TERM DEPOSIT,1006010,Unknown,152,DEPOSIT METURITY AFTER 12 MONTHS,Current
1006011001,TOTAL ASSETS,1,BANKS A/C,1006,BRANCH TRANSFER ACCOUNT,1006011,Unknown,153,BRANCH TRANSFER ACCOUNT,Current
1006012001,TOTAL ASSETS,1,BANKS A/C,1006,ATLAS BANK LTD.,1006012,Unknown,154,SUMMIT BANK LTD. A/C. # 131020311714149521 (H.O) (Closed),Current
1006012002,TOTAL ASSETS,1,BANKS A/C,1006,ATLAS BANK LTD.,1006012,Unknown,155,ATLAS BANK LTD. A/C. # 10710094880103 (Z.O) (Closed),Current
1006012003,TOTAL ASSETS,1,BANKS A/C,1006,ATLAS BANK LTD.,1006012,Unknown,156,SUMMIT BANK LTD. A/C.131020610714101110 (COL) MRB (Closed),Current
1006012004,TOTAL ASSETS,1,BANKS A/C,1006,ATLAS BANK LTD.,1006012,Unknown,157,SUMMIT BANK LTD. A/C.131020610714101495 (IMP) MRB (Closed),Current
1006012005,TOTAL ASSETS,1,BANKS A/C,1006,ATLAS BANK LTD.,1006012,Unknown,158,ATLAS BANK LTD. A/C. # 42260094870103 PLS (H.O) (Closed),Current
1006012006,TOTAL ASSETS,1,BANKS A/C,1006,ATLAS BANK LTD.,1006012,Unknown,159,ATLAS BANK LTD. A/C. # 10760094880103 PLS (Z.O)(Closed),Current
1006012007,TOTAL ASSETS,1,BANKS A/C,1006,ATLAS BANK LTD.,1006012,Unknown,160,.,Current
1006012008,TOTAL ASSETS,1,BANKS A/C,1006,ATLAS BANK LTD.,1006012,Unknown,161,ATLAS BANK LTD. A/C. # 10760144750170 (COL)N.CHA (Closed),Current
1006012009,TOTAL ASSETS,1,BANKS A/C,1006,ATLAS BANK LTD.,1006012,Unknown,162,ATLAS BANK LTD. A/C. # 10710150220105 (IMP)N.CHA (Closed),Current
1006012010,TOTAL ASSETS,1,BANKS A/C,1006,ATLAS BANK LTD.,1006012,Unknown,163,SUMMIT BANK LTD.A/C. 131020620714107808 (COL) CITY (Closed),Current
1006012011,TOTAL ASSETS,1,BANKS A/C,1006,ATLAS BANK LTD.,1006012,Unknown,164,SUMMIT BANK LTD. A/C.131020311714107571 (IMP) CITY (Closed),Current
1006012012,TOTAL ASSETS,1,BANKS A/C,1006,ATLAS BANK LTD.,1006012,Unknown,165,ATLAS BANK LTD. A/C.# 10260150070108 PLS (Z.O) (Closed),Current
1006012013,TOTAL ASSETS,1,BANKS A/C,1006,ATLAS BANK LTD.,1006012,Unknown,166,ATLAS BANK LTD. A/C. # 0146410105 (IMP) FSD-I (Closed),Current
1006012014,TOTAL ASSETS,1,BANKS A/C,1006,ATLAS BANK LTD.,1006012,Unknown,167,ATLAS BANK LTD. A/C. # 0146360104 (COL) FSD-I (Closed),Current
1006012015,TOTAL ASSETS,1,BANKS A/C,1006,ATLAS BANK LTD.,1006012,Unknown,168,SUMMIT BANK LTD. A/C.122820311714102411(IMP) ZO (Closed),Current
1006012016,TOTAL ASSETS,1,BANKS A/C,1006,ATLAS BANK LTD.,1006012,Unknown,169,ATLAS BANK LTD. A/C. 42210155600107 (IMP) CITY (Closed),Current
1006012017,TOTAL ASSETS,1,BANKS A/C,1006,ATLAS BANK LTD.,1006012,Unknown,170,SUMMIT BANK LTD.A/C.14820620714103089 (COL) RWP (Closed),Current
1006012018,TOTAL ASSETS,1,BANKS A/C,1006,ATLAS BANK LTD.,1006012,Unknown,171,SUMMIT BANK LTD.A/C.14820311714103071 (IMP) RWP (Closed),Current
1006012019,TOTAL ASSETS,1,BANKS A/C,1006,ATLAS BANK LTD.,1006012,Unknown,172,ATLAS BANK LTD.A/C.55160147580101 (COL) GWL (Closed),Current
1006012020,TOTAL ASSETS,1,BANKS A/C,1006,ATLAS BANK LTD.,1006012,Unknown,173,ATLAS BANK LTD.A/C.55110147580101 (IMP) GWL (Closed),Current
1006012021,TOTAL ASSETS,1,BANKS A/C,1006,ATLAS BANK LTD.,1006012,Unknown,174,ATLAS BANK LTD.A/C. 42410240280102 (IMP) FTB (Closed),Current
1006012022,TOTAL ASSETS,1,BANKS A/C,1006,ATLAS BANK LTD.,1006012,Unknown,175,ATLAS BANK LTD.A/C. (COL) FAISL T (Closed),Current
1006012023,TOTAL ASSETS,1,BANKS A/C,1006,ATLAS BANK LTD.,1006012,Unknown,176,ATLAS BANK LTD.A/C. (IMP) ISB,Current
1006012024,TOTAL ASSETS,1,BANKS A/C,1006,ATLAS BANK LTD.,1006012,Unknown,177,ATLAS BANK LTD.A/C. 30110177640105 (COL) ISB (Closed),Current
1006012025,TOTAL ASSETS,1,BANKS A/C,1006,ATLAS BANK LTD.,1006012,Unknown,178,ATLAS INS. LTD. DIVIDENT ACCOUNT,Current
1006012026,TOTAL ASSETS,1,BANKS A/C,1006,ATLAS BANK LTD.,1006012,Unknown,179,ATLAS BANK LTD.A/C. 42460240280102 (COL) FTB (Closed),Current
1006012027,TOTAL ASSETS,1,BANKS A/C,1006,ATLAS BANK LTD.,1006012,Unknown,180,ATLAS BANK LTD.A/C. 42260314360104 (DIV) HO,Current
1006012028,TOTAL ASSETS,1,BANKS A/C,1006,ATLAS BANK LTD.,1006012,Unknown,181,SILK BANK LTD. A/C # 0013-025-041993-201,Current
1006012029,TOTAL ASSETS,1,BANKS A/C,1006,ATLAS BANK LTD.,1006012,Unknown,182,ATLAS BANK LTD. A/C. 42210625060100 (DIV) HO,Current
1006012030,TOTAL ASSETS,1,BANKS A/C,1006,ATLAS BANK LTD.,1006012,Unknown,183,SAMBA BANK LTD A/C # 6405251845 (HO),Current
1006012031,TOTAL ASSETS,1,BANKS A/C,1006,ATLAS BANK LTD.,1006012,Unknown,184,FAYSAL BANK LTD A/C # 01881490002216,Current
1006012032,TOTAL ASSETS,1,BANKS A/C,1006,ATLAS BANK LTD.,1006012,Unknown,185,SUMMITBANK LTD. A/C17320311714100827(IMP)G.T.R GWL (Closed),Current
1006012033,TOTAL ASSETS,1,BANKS A/C,1006,ATLAS BANK LTD.,1006012,Unknown,186,SUMMIT BANK LTD A/C17320610714100841(COL)G.T.R GWL (Closed),Current
1006012034,TOTAL ASSETS,1,BANKS A/C,1006,ATLAS BANK LTD.,1006012,Unknown,187,FAYSAL BANK LTD A/C # 01880060002581(DIV) HO,Current
1006012035,TOTAL ASSETS,1,BANKS A/C,1006,ATLAS BANK LTD.,1006012,Unknown,188,SUMMIT BANK 122820620714102428 (COL) ZO(Closed),Current
1006012036,TOTAL ASSETS,1,BANKS A/C,1006,ATLAS BANK LTD.,1006012,Unknown,189,SUMMIT BANK 131020620714149539 (COL) HO,Current
1006012037,TOTAL ASSETS,1,BANKS A/C,1006,ATLAS BANK LTD.,1006012,Unknown,190,FAYSAL BANK LTD A/C # 01880530003353(DIV) HO,Current
1006012038,TOTAL ASSETS,1,BANKS A/C,1006,ATLAS BANK LTD.,1006012,Unknown,191,FAYSAL BANK LTD A/C # 4524736027002 (COL) ISB (Closed),Current
1006012039,TOTAL ASSETS,1,BANKS A/C,1006,ATLAS BANK LTD.,1006012,Unknown,192,FAYSAL BANK LTD; (DIV) 01880530003726 (HO) (Closed),Current
1006012040,TOTAL ASSETS,1,BANKS A/C,1006,ATLAS BANK LTD.,1006012,Unknown,193,FAYSAL BANK LTD; 4736257008 (IMP) ISB (Closed),Current
1006012041,TOTAL ASSETS,1,BANKS A/C,1006,ATLAS BANK LTD.,1006012,Unknown,194,NIB BANK A/C # 0217-1224825-3 CITY (COLL) (Closed),Current
1006012042,TOTAL ASSETS,1,BANKS A/C,1006,ATLAS BANK LTD.,1006012,Unknown,195,SUMMIT BANK LTD. A/C.# 131020311714158129 (DIV) HO (Closed),Current
1006012043,TOTAL ASSETS,1,BANKS A/C,1006,ATLAS BANK LTD.,1006012,Unknown,196,ASKARI BANK A/C # 0451650503529 (Closed),Current
1006012044,TOTAL ASSETS,1,BANKS A/C,1006,ATLAS BANK LTD.,1006012,Unknown,197,SUMMIT BANK LTD. A/C # 122820620714138591 (IMP) Closed,Current
1006012045,TOTAL ASSETS,1,BANKS A/C,1006,ATLAS BANK LTD.,1006012,Unknown,198,SUMMIT BANK LTD. A/C # 122820620714138584 (Closed),Current
1006012046,TOTAL ASSETS,1,BANKS A/C,1006,ATLAS BANK LTD.,1006012,Unknown,199,The Bank of Punjab A/c # 4184-3 (Closed),Current
1006012047,TOTAL ASSETS,1,BANKS A/C,1006,ATLAS BANK LTD.,1006012,Unknown,200,Faysal bank Ltd A/c # 0145007000000307 (Col) Closed,Current
1006012048,TOTAL ASSETS,1,BANKS A/C,1006,ATLAS BANK LTD.,1006012,Unknown,201,Faysal bank Ltd A/c # 0145006000000306 (Imp) Closed,Current
1006012049,TOTAL ASSETS,1,BANKS A/C,1006,ATLAS BANK LTD.,1006012,Unknown,202,Faysal bank Ltd A/c # 017700600000708 (Imp),Current
1006012050,TOTAL ASSETS,1,BANKS A/C,1006,ATLAS BANK LTD.,1006012,Unknown,203,Faysal bank Ltd A/c # 0148007000000890 (Closed),Current
1006012051,TOTAL ASSETS,1,BANKS A/C,1006,ATLAS BANK LTD.,1006012,Unknown,204,Summit Bank A/c # 14220620714-112814 (Col) ISB closed,Current
1006012052,TOTAL ASSETS,1,BANKS A/C,1006,ATLAS BANK LTD.,1006012,Unknown,205,Summit Bank a/c # 14220620714113121 (Imp) Closed,Current
1006012053,TOTAL ASSETS,1,BANKS A/C,1006,ATLAS BANK LTD.,1006012,Unknown,206,Sindh bank Ltd a/c # 3023298201000,Current
1006012054,TOTAL ASSETS,1,BANKS A/C,1006,ATLAS BANK LTD.,1006012,Unknown,207,Summit Bank a/c # 132820620714146308 (Col) Closed,Current
1006012055,TOTAL ASSETS,1,BANKS A/C,1006,ATLAS BANK LTD.,1006012,Unknown,208,Askari Bank Ltd. A/c.# 7443570000311 (Col) PTF,Current
1006012056,TOTAL ASSETS,1,BANKS A/C,1006,ATLAS BANK LTD.,1006012,Unknown,209,Bank Alfalah A/c.# 5506005000725278 (Col) PTF,Current
1006012057,TOTAL ASSETS,1,BANKS A/C,1006,ATLAS BANK LTD.,1006012,Unknown,210,Sindh Bank Ltd. A/c.# 56013678956114 (Col) PTF,Current
1006012058,TOTAL ASSETS,1,BANKS A/C,1006,ATLAS BANK LTD.,1006012,Unknown,211,Sindh Bank Ltd.A/c.# 53013310146110 (SHF),Current
1006012059,TOTAL ASSETS,1,BANKS A/C,1006,ATLAS BANK LTD.,1006012,Unknown,212,Summit Bank a/c # 132820610714146835 (Imp) MBB2 (Closed),Current
1006012060,TOTAL ASSETS,1,BANKS A/C,1006,ATLAS BANK LTD.,1006012,Unknown,213,Summit Bank A/c.# 1-2-45-20620-714-128280 (Col)NCB (Closed),Current
1006012061,TOTAL ASSETS,1,BANKS A/C,1006,ATLAS BANK LTD.,1006012,Unknown,214,Summit Bank A/c.# 1-2-45-20620-714-128495 (Imp)NCB (Closed),Current
1006012062,TOTAL ASSETS,1,BANKS A/C,1006,ATLAS BANK LTD.,1006012,Unknown,215,NRSP Microfinance Bank A/c.# 0650050218941 HO,Current
1006012063,TOTAL ASSETS,1,BANKS A/C,1006,ATLAS BANK LTD.,1006012,Unknown,216,Askari Bank Ltd. A/c.# 7443570000399 City(IMP) PTF,Current
1006012064,TOTAL ASSETS,1,BANKS A/C,1006,ATLAS BANK LTD.,1006012,Unknown,217,Bank Alfalah Ltd. A/c.# 771005436916 (IMP) SHL,Current
1006012065,TOTAL ASSETS,1,BANKS A/C,1006,ATLAS BANK LTD.,1006012,Unknown,218,Summit bank Ltd A/c # 131020311714172550 (Div) (Closed),Current
1006012066,TOTAL ASSETS,1,BANKS A/C,1006,ATLAS BANK LTD.,1006012,Unknown,219,Finca Microfinance Bank a/c # 09022320620714104043,Current
1006012067,TOTAL ASSETS,1,BANKS A/C,1006,ATLAS BANK LTD.,1006012,Unknown,220,Mobilink Microfinance Bank a/c # 102438574 (Closed),Current
1006012068,TOTAL ASSETS,1,BANKS A/C,1006,ATLAS BANK LTD.,1006012,Unknown,221,Sindh Bank Ltd 5601-367895-6124,Current
1006012069,TOTAL ASSETS,1,BANKS A/C,1006,ATLAS BANK LTD.,1006012,Unknown,222,Soneri Bank Ltd 0015-20005828709 (Coll),Current
1006012070,TOTAL ASSETS,1,BANKS A/C,1006,ATLAS BANK LTD.,1006012,Unknown,223,Bank Islami 116200077060226 (PTF),Current
1006012071,TOTAL ASSETS,1,BANKS A/C,1006,ATLAS BANK LTD.,1006012,Unknown,224,Bank Alfalah Ltd 03641006521896 (Imp) (City) Closed,Current
1006012072,TOTAL ASSETS,1,BANKS A/C,1006,ATLAS BANK LTD.,1006012,Unknown,225,Meezan Bank Ltd 0107-0103437674 (Coll) (PTF) Closed,Current
1006012073,TOTAL ASSETS,1,BANKS A/C,1006,ATLAS BANK LTD.,1006012,Unknown,226,Bank Alfalah Ltd 4005000959471 (SHF) Closed,Current
1006012074,TOTAL ASSETS,1,BANKS A/C,1006,ATLAS BANK LTD.,1006012,Unknown,227,Faysal Bank Ltd A/c # 0187154900228822 (Coll) Closed,Current
1006012075,TOTAL ASSETS,1,BANKS A/C,1006,ATLAS BANK LTD.,1006012,Unknown,228,Faysal bank Ltd A/c # 3241307900228835 (HO)Closed,Current
1006012076,TOTAL ASSETS,1,BANKS A/C,1006,ATLAS BANK LTD.,1006012,Unknown,229,Faysal bank Ltd A/c # 0187007900227253 (IMP) MBB2 (Closed),Current
1006012077,TOTAL ASSETS,1,BANKS A/C,1006,ATLAS BANK LTD.,1006012,Unknown,230,Faysal Bank Ltd A/c 0188007900229857 (DIV),Current
1006012078,TOTAL ASSETS,1,BANKS A/C,1006,ATLAS BANK LTD.,1006012,Unknown,231,Faysal bank Ltd A/c # 3241307900230588 (PTF) HO (Closed),Current
1006012079,TOTAL ASSETS,1,BANKS A/C,1006,ATLAS BANK LTD.,1006012,Unknown,232,JS Bank Ltd A/c # 1387809 (Coll) Closed,Current
1006012080,TOTAL ASSETS,1,BANKS A/C,1006,ATLAS BANK LTD.,1006012,Unknown,233,Faysal bank Ltd A/c # 3149307900232192 (SHF) HO,Current
1006012081,TOTAL ASSETS,1,BANKS A/C,1006,ATLAS BANK LTD.,1006012,Unknown,234,Bank Alfalah Ltd A/c # 03641006815137 CITY (IMP),Current
1006012082,TOTAL ASSETS,1,BANKS A/C,1006,ATLAS BANK LTD.,1006012,Unknown,235,"Bank Al Falah Ltd,0302-1006855246 Plaza (Imp)",Current
1006012083,TOTAL ASSETS,1,BANKS A/C,1006,ATLAS BANK LTD.,1006012,Unknown,236,"National Bank Ltd WTO, 0331-1689186 HO (PTF)",Current
1006012084,TOTAL ASSETS,1,BANKS A/C,1006,ATLAS BANK LTD.,1006012,Unknown,237,Faysal bank Ltd A/c # 0173145900233377 (ZO),Current
1006012085,TOTAL ASSETS,1,BANKS A/C,1006,ATLAS BANK LTD.,1006012,Unknown,238,Faysal Bank Ltd A/c # 0148145900232270 (Imp) Gulberg,Current
1006012086,TOTAL ASSETS,1,BANKS A/C,1006,ATLAS BANK LTD.,1006012,Unknown,239,Faysal Bank Ltd A/c # 0452-14-5900232275 (Imp) ISB,Current
1006012087,TOTAL ASSETS,1,BANKS A/C,1006,ATLAS BANK LTD.,1006012,Unknown,240,Bank Alfalah Ltd 0027-1006907144 (Imp) (TRB),Current
1006012088,TOTAL ASSETS,1,BANKS A/C,1006,ATLAS BANK LTD.,1006012,Unknown,241,Faysal Bank Ltd A/c # 0120154900232886 (Imp) RWP,Current
1006012089,TOTAL ASSETS,1,BANKS A/C,1006,ATLAS BANK LTD.,1006012,Unknown,242,Bank Alfalah Ltd 0333-1006865575 (Imp) (NRB),Current
1006012090,TOTAL ASSETS,1,BANKS A/C,1006,ATLAS BANK LTD.,1006012,Unknown,243,Bank Alfalah Ltd 00451006927644 (Imp) (HYD),Current
1006012091,TOTAL ASSETS,1,BANKS A/C,1006,ATLAS BANK LTD.,1006012,Unknown,244,Bank Alfalah Ltd (Unpaid-Div acc) 0066-1007004031,Current
1006012092,TOTAL ASSETS,1,BANKS A/C,1006,ATLAS BANK LTD.,1006012,Unknown,245,Bank Alfalah Ltd 1007050509,Current
1006012093,TOTAL ASSETS,1,BANKS A/C,1006,ATLAS BANK LTD.,1006012,Unknown,246,Meezan Bank Ltd 1152-0104741730 (Coll) - PTF,Current
1006012094,TOTAL ASSETS,1,BANKS A/C,1006,ATLAS BANK LTD.,1006012,Unknown,247,Faysal bank Ltd 0145145900237711 (Imp) Corp,Current
1006012095,TOTAL ASSETS,1,BANKS A/C,1006,ATLAS BANK LTD.,1006012,Unknown,248,Faysal bank Ltd 3149308900238358 (PTF),Current
1006012096,TOTAL ASSETS,1,BANKS A/C,1006,ATLAS BANK LTD.,1006012,Unknown,249,Bank Al-Habib Limited 0303-0081-000955-01-4,Current
1006012097,TOTAL ASSETS,1,BANKS A/C,1006,ATLAS BANK LTD.,1006012,Unknown,250,Bank Alfalah Limited 0065-1007491410 MBB II (IMP),Current
1006012098,TOTAL ASSETS,1,BANKS A/C,1006,ATLAS BANK LTD.,1006012,Unknown,251,Bank Alfalah Limited 0066-1007550801 MRB (IMP),Current
1006012099,TOTAL ASSETS,1,BANKS A/C,1006,ATLAS BANK LTD.,1006012,Unknown,252,Faysal Bank Ltd 3237390000001275 (PTF),Current
1007001001,TOTAL ASSETS,1,FIXED & CALL DEPOSITS,1007,FIXED & CALL DEPOSITS,1007001,Unknown,253,ATLAS BOT INVESTMENT BANK,Current
1007001002,TOTAL ASSETS,1,FIXED & CALL DEPOSITS,1007,FIXED & CALL DEPOSITS,1007001,Unknown,254,H.B.L CENTRAL BRANCH KHI Z.O,Current
1007001003,TOTAL ASSETS,1,FIXED & CALL DEPOSITS,1007,FIXED & CALL DEPOSITS,1007001,Unknown,255,H.B.L MIRPUR KHAS BRANCH,Current
1008001001,TOTAL ASSETS,1,UNDEPOSITED CHEQUES,1008,UNDEPOSITED CHEQUES,1008001,Unknown,256,UNDEPOSITED CHEQUES,Current
1009001001,TOTAL ASSETS,1,AMOUNTS DUE FROM OTHER INSURERS / RE-INSURERS,1009,AMOUNTS DUE FROM OTHER INSURERS / RE-INSURERS,1009001,Unknown,257,AMOUNTS DUE FROM OTHER INSURERS / RE-INSURERS,Current
1009001002,TOTAL ASSETS,1,AMOUNTS DUE FROM OTHER INSURERS / RE-INSURERS,1009,AMOUNTS DUE FROM OTHER INSURERS / RE-INSURERS,1009001,Unknown,258,COMMISSION RECOVERABLE FROM LOCAL FAC. BUSINESS,Current
1009001003,TOTAL ASSETS,1,AMOUNTS DUE FROM OTHER INSURERS / RE-INSURERS,1009,AMOUNTS DUE FROM OTHER INSURERS / RE-INSURERS,1009001,Unknown,259,COMMISSION RECOVERABLE FROM FOREIGN FAC. BUSINESS,Current
1009001004,TOTAL ASSETS,1,AMOUNTS DUE FROM OTHER INSURERS / RE-INSURERS,1009,AMOUNTS DUE FROM OTHER INSURERS / RE-INSURERS,1009001,Unknown,260,PROVISION AGAINST CLAIM RECOVERABLE FROM FAC. BUS.,Current
1009001005,TOTAL ASSETS,1,AMOUNTS DUE FROM OTHER INSURERS / RE-INSURERS,1009,AMOUNTS DUE FROM OTHER INSURERS / RE-INSURERS,1009001,Unknown,261,RECEIVABLE CLAIMS AGAINST LOCAL FAC. BUSINESS,Current
1009001006,TOTAL ASSETS,1,AMOUNTS DUE FROM OTHER INSURERS / RE-INSURERS,1009,AMOUNTS DUE FROM OTHER INSURERS / RE-INSURERS,1009001,Unknown,262,RECEIVABLE CLAIM AGAINST FOREIGN FAC. BUSINESS,Current
1009001007,TOTAL ASSETS,1,AMOUNTS DUE FROM OTHER INSURERS / RE-INSURERS,1009,AMOUNTS DUE FROM OTHER INSURERS / RE-INSURERS,1009001,Unknown,263,PROVISION AGAINST SALVAGE FROM FAC. BUSINESS,Current
1009002001,TOTAL ASSETS,1,AMOUNTS DUE FROM OTHER INSURERS / RE-INSURERS,1009,AMOUNT DUE FROM CO-INSURERS,1009002,Unknown,264,AMOUNT DUE FROM CO-INSURERS,Current
1009003001,TOTAL ASSETS,1,AMOUNTS DUE FROM OTHER INSURERS / RE-INSURERS,1009,DUE FROM TREATY RE-INSURERS,1009003,Unknown,265,DUE FROM TREATY RE-INSURERS,Current
1009004001,TOTAL ASSETS,1,AMOUNTS DUE FROM OTHER INSURERS / RE-INSURERS,1009,DUE FROM LOCAL FACULTATIVE,1009004,Unknown,266,DUE FROM LOCAL FACULTATIVE,Current
1009005001,TOTAL ASSETS,1,AMOUNTS DUE FROM OTHER INSURERS / RE-INSURERS,1009,DUE FROM FORIEGN FACULTATIVE,1009005,Unknown,267,DUE FROM FORIEGN FACULTATIVE,Current
1009006001,TOTAL ASSETS,1,AMOUNTS DUE FROM OTHER INSURERS / RE-INSURERS,1009,DUE FROM EXCESS OF LOSS TREATY RE-INSURERS,1009006,Unknown,268,DUE FROM EXCESS OF LOSS TREATY RE-INSURERS,Current
1009007001,TOTAL ASSETS,1,AMOUNTS DUE FROM OTHER INSURERS / RE-INSURERS,1009,RESERVE WITH TREATY RE-INSURANCE,1009007,Unknown,269,RESERVE WITH TREATY RE-INSURANCE,Current
1009008001,TOTAL ASSETS,1,AMOUNTS DUE FROM OTHER INSURERS / RE-INSURERS,1009,DUE FROM PRCL,1009008,Unknown,270,DUE FROM PRCL,Current
1010001001,TOTAL ASSETS,1,PREMIUM DUE BUT UNPAID,1010,AGENT BALANCES RECOVERABLE,1010001,Unknown,271,AGENT BALANCES RECOVERABLE,Current
1010001002,TOTAL ASSETS,1,PREMIUM DUE BUT UNPAID,1010,AGENT BALANCES RECOVERABLE,1010001,Unknown,272,UNDEPOSIT CHEQUES,Current
1010001003,TOTAL ASSETS,1,PREMIUM DUE BUT UNPAID,1010,AGENT BALANCES RECOVERABLE,1010001,Unknown,273,CLAIM RECOVERABLE (HEALTH INSURANCE),Current
1010001004,TOTAL ASSETS,1,PREMIUM DUE BUT UNPAID,1010,AGENT BALANCES RECOVERABLE,1010001,Unknown,274,CLAIM RECEIVABLE (HEALTH INSURANCE),Current
1011001001,TOTAL ASSETS,1,ACCRUED INVESTMENT INCOME,1011,ACCRUED INVESTMENT INCOME,1011001,Unknown,275,ACCRUED INVESTMENT INCOME,Current
1011001002,TOTAL ASSETS,1,ACCRUED INVESTMENT INCOME,1011,ACCRUED INVESTMENT INCOME,1011001,Unknown,276,ACCRUED INVESTMENT INCOME,Current
1012001001,TOTAL ASSETS,1,SUNDRY RECEIVABLE,1012,SUNDRY RECEIVABLE,1012001,Unknown,277,LOAN TO STAFF,Current
1012001002,TOTAL ASSETS,1,SUNDRY RECEIVABLE,1012,SUNDRY RECEIVABLE,1012001,Unknown,278,ADVANCE TO STAFF,Current
1012001003,TOTAL ASSETS,1,SUNDRY RECEIVABLE,1012,SUNDRY RECEIVABLE,1012001,Unknown,279,RENT PAID IN ADVANCE,Current
1012001004,TOTAL ASSETS,1,SUNDRY RECEIVABLE,1012,SUNDRY RECEIVABLE,1012001,Unknown,280,PRE-PAID EXPENSES,Current
1012001005,TOTAL ASSETS,1,SUNDRY RECEIVABLE,1012,SUNDRY RECEIVABLE,1012001,Unknown,281,ACCOUNTS RECEIVABLE,Current
1012001006,TOTAL ASSETS,1,SUNDRY RECEIVABLE,1012,SUNDRY RECEIVABLE,1012001,Unknown,282,COMMISSION INCOME RECEIVABLE,Current
1012001007,TOTAL ASSETS,1,SUNDRY RECEIVABLE,1012,SUNDRY RECEIVABLE,1012001,Unknown,283,SERVICE CHARGES RECEIVABLE,Current
1012001008,TOTAL ASSETS,1,SUNDRY RECEIVABLE,1012,SUNDRY RECEIVABLE,1012001,Unknown,284,SECURITY DEPOSIT,Current
1012001009,TOTAL ASSETS,1,SUNDRY RECEIVABLE,1012,SUNDRY RECEIVABLE,1012001,Unknown,285,ADVANCE FOR EXPENSES,Current
1012001010,TOTAL ASSETS,1,SUNDRY RECEIVABLE,1012,SUNDRY RECEIVABLE,1012001,Unknown,286,INCOME TAX PAID,Current
1012001011,TOTAL ASSETS,1,SUNDRY RECEIVABLE,1012,SUNDRY RECEIVABLE,1012001,Unknown,287,HOUSE RENT ADVANCE TO STAFF,Current
1012001012,TOTAL ASSETS,1,SUNDRY RECEIVABLE,1012,SUNDRY RECEIVABLE,1012001,Unknown,288,RECEIVABLE CLAIMS,Current
1012001013,TOTAL ASSETS,1,SUNDRY RECEIVABLE,1012,SUNDRY RECEIVABLE,1012001,Unknown,289,GM SYSTEM (PVT) LTD.,Current
1012001014,TOTAL ASSETS,1,SUNDRY RECEIVABLE,1012,SUNDRY RECEIVABLE,1012001,Unknown,290,ADVANCE AGAINST BUILIDNG RENOVATION,Current
1012001015,TOTAL ASSETS,1,SUNDRY RECEIVABLE,1012,SUNDRY RECEIVABLE,1012001,Unknown,291,DIVIDEND INCOME RECEIVABLE,Current
1012001016,TOTAL ASSETS,1,SUNDRY RECEIVABLE,1012,SUNDRY RECEIVABLE,1012001,Unknown,292,SALVAGE RECOVERY ACCROUED,Current
1012001017,TOTAL ASSETS,1,SUNDRY RECEIVABLE,1012,SUNDRY RECEIVABLE,1012001,Unknown,293,SALVAGE RECEIVABLE,Current
1012001018,TOTAL ASSETS,1,SUNDRY RECEIVABLE,1012,SUNDRY RECEIVABLE,1012001,Unknown,294,INTEREST INCOME RECEIVABLE,Current
1012001019,TOTAL ASSETS,1,SUNDRY RECEIVABLE,1012,SUNDRY RECEIVABLE,1012001,Unknown,295,RECEIVABLE CLAIMS AGAINST LOCAL FAC. BUSINESS,Current
1012001020,TOTAL ASSETS,1,SUNDRY RECEIVABLE,1012,SUNDRY RECEIVABLE,1012001,Unknown,296,RECEIVABLE CLAIMS AGAINST FOREIGN FAC. BUSINESS,Current
1012001021,TOTAL ASSETS,1,SUNDRY RECEIVABLE,1012,SUNDRY RECEIVABLE,1012001,Unknown,297,RECEIVABLE CLAIMS AGAINST CO-INS. BUSINESS,Current
1012001022,TOTAL ASSETS,1,SUNDRY RECEIVABLE,1012,SUNDRY RECEIVABLE,1012001,Unknown,298,INTER BRANCH TRANSFER (HEAD OFFICE),Current
1012001023,TOTAL ASSETS,1,SUNDRY RECEIVABLE,1012,SUNDRY RECEIVABLE,1012001,Unknown,299,INTER BRANCH TRANSFER (NORTH ZONE),Current
1012001024,TOTAL ASSETS,1,SUNDRY RECEIVABLE,1012,SUNDRY RECEIVABLE,1012001,Unknown,300,INTER BRANCH TRANSFER (SOUTH ZONE),Current
1012001025,TOTAL ASSETS,1,SUNDRY RECEIVABLE,1012,SUNDRY RECEIVABLE,1012001,Unknown,301,ADVANCE FOR EXP (PTF),Current
1013001001,TOTAL ASSETS,1,PREPAYMENTS,1013,PRE-PAID EXPENSES,1013001,Unknown,302,PRE-PAID EXPENSES,Current
1013001002,TOTAL ASSETS,1,PREPAYMENTS,1013,PRE-PAID EXPENSES,1013001,Unknown,303,RENT PAID IN ADVANCE,Current
1013001003,TOTAL ASSETS,1,PREPAYMENTS,1013,PRE-PAID EXPENSES,1013001,Unknown,304,PRE-PAID EXPENSES (PTF),Current
1013002001,TOTAL ASSETS,1,PREPAYMENTS,1013,PREPAID RE-INS PREMIUM CEDED,1013002,Unknown,305,PREPAID RE-INS PREMIUM CEDED TO PRCL,Current
1013002002,TOTAL ASSETS,1,PREPAYMENTS,1013,PREPAID RE-INS PREMIUM CEDED,1013002,Unknown,306,PREPAID RE-INS PREMIUM CEDED TO TREATY IST SURP,Current
1013002003,TOTAL ASSETS,1,PREPAYMENTS,1013,PREPAID RE-INS PREMIUM CEDED,1013002,Unknown,307,PREPAID RE-INS PREMIUM CEDED TO TREATY 2ND SURP,Current
1013002004,TOTAL ASSETS,1,PREPAYMENTS,1013,PREPAID RE-INS PREMIUM CEDED,1013002,Unknown,308,PREPAID RE-INS PREMIUM CEDED TO LOCAL FAC.,Current
1013002005,TOTAL ASSETS,1,PREPAYMENTS,1013,PREPAID RE-INS PREMIUM CEDED,1013002,Unknown,309,PREPAID RE-INS PREMIUM CEDED TO FOREIGN FAC.,Current
1014001001,TOTAL ASSETS,1,DEFERRED COST,1014,DEFERRED COST,1014001,Unknown,310,DEFERRED COST AGAINST VRS,Current
1014001002,TOTAL ASSETS,1,DEFERRED COST,1014,DEFERRED COST,1014001,Unknown,311,DEFERRED COST AGAINST SOFTWARE LICENCES,Current
1015001001,TOTAL ASSETS,1,TAX DEDUCTION AT SOURCE,1015,TAX DEDUCTION AT SOURCE,1015001,Unknown,312,TAX DEDUCTION AT SOURCE-ASSET,Current
1015001002,TOTAL ASSETS,1,TAX DEDUCTION AT SOURCE,1015,TAX DEDUCTION AT SOURCE,1015001,Unknown,313,CAPITAL VALUE TAX CCVT,Current
1015001003,TOTAL ASSETS,1,TAX DEDUCTION AT SOURCE,1015,TAX DEDUCTION AT SOURCE,1015001,Unknown,314,V.A.T. MODE SALES TAX (F.E.D.),Current
1015001004,TOTAL ASSETS,1,TAX DEDUCTION AT SOURCE,1015,TAX DEDUCTION AT SOURCE,1015001,Unknown,315,TAX DEDUCTION AT SOURCE-ASSET (GAS BILL),Current
1015001005,TOTAL ASSETS,1,TAX DEDUCTION AT SOURCE,1015,TAX DEDUCTION AT SOURCE,1015001,Unknown,316,TAX DEDUCTION AT SOURCE-ASSET (ELECTRICITY BILL),Current
1015001006,TOTAL ASSETS,1,TAX DEDUCTION AT SOURCE,1015,TAX DEDUCTION AT SOURCE,1015001,Unknown,317,TAX DEDUCTION AT SOURCE-ASSET (TELEPHONE BILL),Current
1015001007,TOTAL ASSETS,1,TAX DEDUCTION AT SOURCE,1015,TAX DEDUCTION AT SOURCE,1015001,Unknown,318,TAX DEDUCTION AT SOURCE-ASSET (DIVIDEND INCOME),Current
1015001008,TOTAL ASSETS,1,TAX DEDUCTION AT SOURCE,1015,TAX DEDUCTION AT SOURCE,1015001,Unknown,319,TAX DEDUCTION AT SOURCE-ASSET (INVESTMENT),Current
1015001009,TOTAL ASSETS,1,TAX DEDUCTION AT SOURCE,1015,TAX DEDUCTION AT SOURCE,1015001,Unknown,320,TAX DEDUCTION AT SOURCE-ASSET (RENTAL INCOME),Current
1015001010,TOTAL ASSETS,1,TAX DEDUCTION AT SOURCE,1015,TAX DEDUCTION AT SOURCE,1015001,Unknown,321,SALES TAX ON CLAIMS,Current
1015001011,TOTAL ASSETS,1,TAX DEDUCTION AT SOURCE,1015,TAX DEDUCTION AT SOURCE,1015001,Unknown,322,TAX DEDUCTION AT SOURCE-ASSET (PTF),Current
1015001012,TOTAL ASSETS,1,TAX DEDUCTION AT SOURCE,1015,TAX DEDUCTION AT SOURCE,1015001,Unknown,323,V.A.T. MODE SALES TAX (F.E.D) (PTF),Current
1015001013,TOTAL ASSETS,1,TAX DEDUCTION AT SOURCE,1015,TAX DEDUCTION AT SOURCE,1015001,Unknown,324,Sales Tax on Parts (Claims),Current
1015001014,TOTAL ASSETS,1,TAX DEDUCTION AT SOURCE,1015,TAX DEDUCTION AT SOURCE,1015001,Unknown,325,Sales Tax on Services ( Claims),Current
1016001001,TOTAL ASSETS,1,INCOME TAX PAID,1016,INCOME TAX PAID,1016001,Unknown,326,INCOME TAX PAID,Current
1018001001,TOTAL ASSETS,1,WAKALA FEE RECEIVABLE,1018,WAKALA FEE RECEIVABLE,1018001,Unknown,327,WAKALA FEE RECEIVABLE FROM PTF,Current
1018001002,TOTAL ASSETS,1,WAKALA FEE RECEIVABLE,1018,WAKALA FEE RECEIVABLE,1018001,Unknown,328,Qard-e-Hasna to PTF (SHF),Current
1018001003,TOTAL ASSETS,1,WAKALA FEE RECEIVABLE,1018,WAKALA FEE RECEIVABLE,1018001,Unknown,329,Right of Use Asset,Current
1018001004,TOTAL ASSETS,1,WAKALA FEE RECEIVABLE,1018,WAKALA FEE RECEIVABLE,1018001,Unknown,330,Mudarib Share Receivable,Current
2001001001,TOTAL LIABILITIES,2,PAID UP SHARE CAPITAL,2001,PAID UP SHARE CAPITAL,2001001,Unknown,331,PAID UP SHARE CAPITAL,Current
2001001002,TOTAL LIABILITIES,2,PAID UP SHARE CAPITAL,2001,PAID UP SHARE CAPITAL,2001001,Unknown,332,Cede Money,Current
2002001001,TOTAL LIABILITIES,2,RESERVES,2002,CAPITAL RESERVE,2002001,Unknown,333,CAPITAL RESERVE,Current
2002002001,TOTAL LIABILITIES,2,RESERVES,2002,GENERAL RESERVE,2002002,Unknown,334,GENERAL RESERVE,Current
2002003001,TOTAL LIABILITIES,2,RESERVES,2002,RESERVE FOR BONUS SHARE,2002003,Unknown,335,RESERVE FOR BONUS SHARE,Current
2002004001,TOTAL LIABILITIES,2,RESERVES,2002,RESERVE FOR EXCEPTIONAL LOSSES,2002004,Unknown,336,RESERVE FOR EXCEPTIONAL LOSSES,Current
2002005001,TOTAL LIABILITIES,2,RESERVES,2002,INVESTMENT FLUCTUATION RESERVE,2002005,Unknown,337,INVESTMENT FLUCTUATION RESERVE,Current
2002006001,TOTAL LIABILITIES,2,RESERVES,2002,RETAINED EARNINGS,2002006,Unknown,338,RETAINED EARM\NINGS,Current
2002006002,TOTAL LIABILITIES,2,RESERVES,2002,RETAINED EARNINGS,2002006,Unknown,339,Investment Fair Value Reserve (Equity),Current
2002007001,TOTAL LIABILITIES,2,RESERVES,2002,OBLIGATION UNDER FINANCE LEASE,2002007,Unknown,340,OBLIGATION UNDER FINANCE LEASE,Current
2003001001,TOTAL LIABILITIES,2,PROVISION FOR O/S CLAIMS (INCLUDING IBNR),2003,PROVISION FOR O/S CLAIMS (INCLUDING IBNR),2003001,Unknown,341,PROVISION FOR O/S CLAIMS (INCLUDING IBNR),Current
2003001002,TOTAL LIABILITIES,2,PROVISION FOR O/S CLAIMS (INCLUDING IBNR),2003,PROVISION FOR O/S CLAIMS (INCLUDING IBNR),2003001,Unknown,342,OUTSTANDING CLAIMS,Current
2003001003,TOTAL LIABILITIES,2,PROVISION FOR O/S CLAIMS (INCLUDING IBNR),2003,PROVISION FOR O/S CLAIMS (INCLUDING IBNR),2003001,Unknown,343,CLAIM ADJUSTED AGAINST PREMIUM RECEIVED,Current
2003001004,TOTAL LIABILITIES,2,PROVISION FOR O/S CLAIMS (INCLUDING IBNR),2003,PROVISION FOR O/S CLAIMS (INCLUDING IBNR),2003001,Unknown,344,OUTSTANDING CLAIMS (SERVICES),Current
2003001005,TOTAL LIABILITIES,2,PROVISION FOR O/S CLAIMS (INCLUDING IBNR),2003,PROVISION FOR O/S CLAIMS (INCLUDING IBNR),2003001,Unknown,345,OUTSTANDING CLAIMS (SUPPLIES),Current
2003001006,TOTAL LIABILITIES,2,PROVISION FOR O/S CLAIMS (INCLUDING IBNR),2003,PROVISION FOR O/S CLAIMS (INCLUDING IBNR),2003001,Unknown,346,CLAIM PAYABLE AGAINST CO-INS. BUSINESS,Current
2004001001,TOTAL LIABILITIES,2,AMOUNT DUE TO OTHER INSURERS/RE-INSURERS,2004,AMOUNT DUE TO OTHER INSURERS/RE-INSURERS,2004001,Unknown,347,AMOUNT DUE TO OTHER INSURERS/RE-INSURERS,Current
2004002001,TOTAL LIABILITIES,2,AMOUNT DUE TO OTHER INSURERS/RE-INSURERS,2004,AMOUNT DUE TO CO-INSURERS,2004002,Unknown,348,AMOUNT DUE TO CO-INSURERS,Current
2004003001,TOTAL LIABILITIES,2,AMOUNT DUE TO OTHER INSURERS/RE-INSURERS,2004,AMOUNT DUE TO RE-INSURANCE TREATY,2004003,Unknown,349,AMOUNT DUE TO RE-INSURANCE TREATY,Current
2004004001,TOTAL LIABILITIES,2,AMOUNT DUE TO OTHER INSURERS/RE-INSURERS,2004,AMOUNT DUE TO LOCAL FACULTATIVE,2004004,Unknown,350,AMOUNT DUE TO LOCAL FACULTATIVE,Current
2004005001,TOTAL LIABILITIES,2,AMOUNT DUE TO OTHER INSURERS/RE-INSURERS,2004,AMOUNT DUE TO REINSURANCE FOREIGN FACULTATIVE,2004005,Unknown,351,AMOUNT DUE TO REINSURANCE FOREIGN FACULTATIVE,Current
2004006001,TOTAL LIABILITIES,2,AMOUNT DUE TO OTHER INSURERS/RE-INSURERS,2004,AMOUNT DUE TO EXCESS OF LOSS,2004006,Unknown,352,AMOUNT DUE TO EXCESS OF LOSS,Current
2004007001,TOTAL LIABILITIES,2,AMOUNT DUE TO OTHER INSURERS/RE-INSURERS,2004,RESERVE DUE TO RE-INSURANCE,2004007,Unknown,353,RESERVE DUE TO RE-INSURANCE,Current
2004008001,TOTAL LIABILITIES,2,AMOUNT DUE TO OTHER INSURERS/RE-INSURERS,2004,AMOUNT DUE TO PRCL,2004008,Unknown,354,AMOUNT DUE TO PRCL,Current
2005001001,TOTAL LIABILITIES,2,SUNDRY CREDITORS/ACCRUED EXPENSES,2005,SUNDRY CREDITORS/ACCRUED EXPENSES,2005001,Unknown,355,LICENCE FEE,Current
2005001002,TOTAL LIABILITIES,2,SUNDRY CREDITORS/ACCRUED EXPENSES,2005,SUNDRY CREDITORS/ACCRUED EXPENSES,2005001,Unknown,356,INCOME TAX DEDUCTION,Current
2005001003,TOTAL LIABILITIES,2,SUNDRY CREDITORS/ACCRUED EXPENSES,2005,SUNDRY CREDITORS/ACCRUED EXPENSES,2005001,Unknown,357,ACCRUED & O/S EXPENSES,Current
2005001004,TOTAL LIABILITIES,2,SUNDRY CREDITORS/ACCRUED EXPENSES,2005,SUNDRY CREDITORS/ACCRUED EXPENSES,2005001,Unknown,358,FEDERAL INSURANCE FEE,Current
2005001005,TOTAL LIABILITIES,2,SUNDRY CREDITORS/ACCRUED EXPENSES,2005,SUNDRY CREDITORS/ACCRUED EXPENSES,2005001,Unknown,359,CENTRAL EXCISE DUTY,Current
2005001006,TOTAL LIABILITIES,2,SUNDRY CREDITORS/ACCRUED EXPENSES,2005,SUNDRY CREDITORS/ACCRUED EXPENSES,2005001,Unknown,360,SECURITY DEPOSITS,Current
2005001007,TOTAL LIABILITIES,2,SUNDRY CREDITORS/ACCRUED EXPENSES,2005,SUNDRY CREDITORS/ACCRUED EXPENSES,2005001,Unknown,361,STAFF P. F CONTRIBUTION,Current
2005001008,TOTAL LIABILITIES,2,SUNDRY CREDITORS/ACCRUED EXPENSES,2005,SUNDRY CREDITORS/ACCRUED EXPENSES,2005001,Unknown,362,STAFF P. F.  LOAN,Current
2005001009,TOTAL LIABILITIES,2,SUNDRY CREDITORS/ACCRUED EXPENSES,2005,SUNDRY CREDITORS/ACCRUED EXPENSES,2005001,Unknown,363,STAFF CONTRIBUTION TO UNION,Current
2005001010,TOTAL LIABILITIES,2,SUNDRY CREDITORS/ACCRUED EXPENSES,2005,SUNDRY CREDITORS/ACCRUED EXPENSES,2005001,Unknown,364,TIME BARRED CHEQUES (PTF),Current
2005001011,TOTAL LIABILITIES,2,SUNDRY CREDITORS/ACCRUED EXPENSES,2005,SUNDRY CREDITORS/ACCRUED EXPENSES,2005001,Unknown,365,STAFF P. F TRUST,Current
2005001012,TOTAL LIABILITIES,2,SUNDRY CREDITORS/ACCRUED EXPENSES,2005,SUNDRY CREDITORS/ACCRUED EXPENSES,2005001,Unknown,366,SHORT TERM BORROWINGS,Current
2005001013,TOTAL LIABILITIES,2,SUNDRY CREDITORS/ACCRUED EXPENSES,2005,SUNDRY CREDITORS/ACCRUED EXPENSES,2005001,Unknown,367,VEHICLE LOAN,Current
2005001014,TOTAL LIABILITIES,2,SUNDRY CREDITORS/ACCRUED EXPENSES,2005,SUNDRY CREDITORS/ACCRUED EXPENSES,2005001,Unknown,368,SUNDRY CREDITORS,Current
2005001015,TOTAL LIABILITIES,2,SUNDRY CREDITORS/ACCRUED EXPENSES,2005,SUNDRY CREDITORS/ACCRUED EXPENSES,2005001,Unknown,369,STAFF SALARY PAYABLE,Current
2005002001,TOTAL LIABILITIES,2,SUNDRY CREDITORS/ACCRUED EXPENSES,2005,ACCUMULATED DEPRECIATION,2005002,Unknown,370,ACCUMULATED DEPRECIATION ON BUILDING,Current
2005002002,TOTAL LIABILITIES,2,SUNDRY CREDITORS/ACCRUED EXPENSES,2005,ACCUMULATED DEPRECIATION,2005002,Unknown,371,ACCUMULATED DEPRECIATION ON VEHICLES,Current
2005002003,TOTAL LIABILITIES,2,SUNDRY CREDITORS/ACCRUED EXPENSES,2005,ACCUMULATED DEPRECIATION,2005002,Unknown,372,ACCUMULATED DEPRECIATION ON FURNITURE & FIXTURE,Current
2005002004,TOTAL LIABILITIES,2,SUNDRY CREDITORS/ACCRUED EXPENSES,2005,ACCUMULATED DEPRECIATION,2005002,Unknown,373,ACCUMULATED DEPRECIATION ON OFFICE EQUIPMENT,Current
2005002005,TOTAL LIABILITIES,2,SUNDRY CREDITORS/ACCRUED EXPENSES,2005,ACCUMULATED DEPRECIATION,2005002,Unknown,374,ACCUMULATED DEPRECIATION ON COMPUTERS,Current
2005002006,TOTAL LIABILITIES,2,SUNDRY CREDITORS/ACCRUED EXPENSES,2005,ACCUMULATED DEPRECIATION,2005002,Unknown,375,ACCUMULATED DEPRECIATION ON FREEHOLD LAND,Current
2005002007,TOTAL LIABILITIES,2,SUNDRY CREDITORS/ACCRUED EXPENSES,2005,ACCUMULATED DEPRECIATION,2005002,Unknown,376,PROVISION FOR DEP OFFICE EQUIPMENT,Current
2005003001,TOTAL LIABILITIES,2,SUNDRY CREDITORS/ACCRUED EXPENSES,2005,COMMISSION PAYABLE,2005003,Unknown,377,COMMISSION PAYABLE - AGENT,Current
2005003002,TOTAL LIABILITIES,2,SUNDRY CREDITORS/ACCRUED EXPENSES,2005,COMMISSION PAYABLE,2005003,Unknown,378,COMMISSION PAYABLE - COMPANIES,Current
2005003003,TOTAL LIABILITIES,2,SUNDRY CREDITORS/ACCRUED EXPENSES,2005,COMMISSION PAYABLE,2005003,Unknown,379,SERVICE CHARGES PAYABLE,Current
2005003004,TOTAL LIABILITIES,2,SUNDRY CREDITORS/ACCRUED EXPENSES,2005,COMMISSION PAYABLE,2005003,Unknown,380,SERVICE CHARGES & COMM. PAYABLE TO SHF (PTF),Current
2005004001,TOTAL LIABILITIES,2,SUNDRY CREDITORS/ACCRUED EXPENSES,2005,PREMIUM RECEIVED IN ADVANCE,2005004,Unknown,381,PREMIUM RECEIVED IN ADVANCE,Current
2005004002,TOTAL LIABILITIES,2,SUNDRY CREDITORS/ACCRUED EXPENSES,2005,PREMIUM RECEIVED IN ADVANCE,2005004,Unknown,382,PREMIUM RECEIVED AGAINST C/NOTE,Current
2005005001,TOTAL LIABILITIES,2,SUNDRY CREDITORS/ACCRUED EXPENSES,2005,PREMIUM REFUNDABLE,2005005,Unknown,383,PREMIUM REFUNDABLE,Current
2005005002,TOTAL LIABILITIES,2,SUNDRY CREDITORS/ACCRUED EXPENSES,2005,PREMIUM REFUNDABLE,2005005,Unknown,384,INVESTMENT IN SHARES,Current
2005006001,TOTAL LIABILITIES,2,SUNDRY CREDITORS/ACCRUED EXPENSES,2005,PROVISION FOR BAD DEBT,2005006,Unknown,385,PROVISION FOR BAD DEBT,Current
2005007001,TOTAL LIABILITIES,2,SUNDRY CREDITORS/ACCRUED EXPENSES,2005,DEFERRED LIABILITIES,2005007,Unknown,386,STAFF P.F. CONTRIBUTION,Current
2005007002,TOTAL LIABILITIES,2,SUNDRY CREDITORS/ACCRUED EXPENSES,2005,DEFERRED LIABILITIES,2005007,Unknown,387,STAFF P.F. LOAN,Current
2005007003,TOTAL LIABILITIES,2,SUNDRY CREDITORS/ACCRUED EXPENSES,2005,DEFERRED LIABILITIES,2005007,Unknown,388,STAFF P.F. TRUST,Current
2005007004,TOTAL LIABILITIES,2,SUNDRY CREDITORS/ACCRUED EXPENSES,2005,DEFERRED LIABILITIES,2005007,Unknown,389,PROVISION FOR GRATUITY,Current
2005007005,TOTAL LIABILITIES,2,SUNDRY CREDITORS/ACCRUED EXPENSES,2005,DEFERRED LIABILITIES,2005007,Unknown,390,E.O.B.I ( LIABILITY),Current
2005007006,TOTAL LIABILITIES,2,SUNDRY CREDITORS/ACCRUED EXPENSES,2005,DEFERRED LIABILITIES,2005007,Unknown,391,SOCIAL SECURITY,Current
2005007007,TOTAL LIABILITIES,2,SUNDRY CREDITORS/ACCRUED EXPENSES,2005,DEFERRED LIABILITIES,2005007,Unknown,392,UNION CONTRIBUTION,Current
2005007008,TOTAL LIABILITIES,2,SUNDRY CREDITORS/ACCRUED EXPENSES,2005,DEFERRED LIABILITIES,2005007,Unknown,393,OTHER DEDUCTIONS,Current
2005007009,TOTAL LIABILITIES,2,SUNDRY CREDITORS/ACCRUED EXPENSES,2005,DEFERRED LIABILITIES,2005007,Unknown,394,STAFF PENSION CONTRIBUTION,Current
2005007010,TOTAL LIABILITIES,2,SUNDRY CREDITORS/ACCRUED EXPENSES,2005,DEFERRED LIABILITIES,2005007,Unknown,395,STAFF PENSION FUND,Current
2005008001,TOTAL LIABILITIES,2,SUNDRY CREDITORS/ACCRUED EXPENSES,2005,OTHERS CREDITORS,2005008,Unknown,396,FEDERAL INSURANCE FEE,Current
2005008002,TOTAL LIABILITIES,2,SUNDRY CREDITORS/ACCRUED EXPENSES,2005,OTHERS CREDITORS,2005008,Unknown,397,FEDERAL EXCISE DUTY,Current
2005008003,TOTAL LIABILITIES,2,SUNDRY CREDITORS/ACCRUED EXPENSES,2005,OTHERS CREDITORS,2005008,Unknown,398,INCOME TAX DEDUCTION,Current
2005008004,TOTAL LIABILITIES,2,SUNDRY CREDITORS/ACCRUED EXPENSES,2005,OTHERS CREDITORS,2005008,Unknown,399,VEHICLE LOAN,Current
2005008005,TOTAL LIABILITIES,2,SUNDRY CREDITORS/ACCRUED EXPENSES,2005,OTHERS CREDITORS,2005008,Unknown,400,SHORT TERM BORROWING,Current
2005008006,TOTAL LIABILITIES,2,SUNDRY CREDITORS/ACCRUED EXPENSES,2005,OTHERS CREDITORS,2005008,Unknown,401,PROVISION FOR ZAKAT,Current
2005008007,TOTAL LIABILITIES,2,SUNDRY CREDITORS/ACCRUED EXPENSES,2005,OTHERS CREDITORS,2005008,Unknown,402,TIME BARRED CHEQUES,Current
2005008008,TOTAL LIABILITIES,2,SUNDRY CREDITORS/ACCRUED EXPENSES,2005,OTHERS CREDITORS,2005008,Unknown,403,STAFF CONTRIBUTION TO UNION FUND,Current
2005008009,TOTAL LIABILITIES,2,SUNDRY CREDITORS/ACCRUED EXPENSES,2005,OTHERS CREDITORS,2005008,Unknown,404,COMMISSION PAYABLE - AGENT(NEW),Current
2005008010,TOTAL LIABILITIES,2,SUNDRY CREDITORS/ACCRUED EXPENSES,2005,OTHERS CREDITORS,2005008,Unknown,405,COMMISSION PAYABLE - CO-INS. COMPANIES,Current
2005008011,TOTAL LIABILITIES,2,SUNDRY CREDITORS/ACCRUED EXPENSES,2005,OTHERS CREDITORS,2005008,Unknown,406,STAFF SALARY PAYABLE,Current
2005008012,TOTAL LIABILITIES,2,SUNDRY CREDITORS/ACCRUED EXPENSES,2005,OTHERS CREDITORS,2005008,Unknown,407,LICENSE FEE,Current
2005008013,TOTAL LIABILITIES,2,SUNDRY CREDITORS/ACCRUED EXPENSES,2005,OTHERS CREDITORS,2005008,Unknown,408,UN-CLAIM DIVIDEND,Current
2005008014,TOTAL LIABILITIES,2,SUNDRY CREDITORS/ACCRUED EXPENSES,2005,OTHERS CREDITORS,2005008,Unknown,409,PAYABLE AGAINST INVESTMENT,Current
2005008015,TOTAL LIABILITIES,2,SUNDRY CREDITORS/ACCRUED EXPENSES,2005,OTHERS CREDITORS,2005008,Unknown,410,INCOME TAX DEDUCTION (SURCHARGE),Current
2005008016,TOTAL LIABILITIES,2,SUNDRY CREDITORS/ACCRUED EXPENSES,2005,OTHERS CREDITORS,2005008,Unknown,411,INCOME TAX DEDUCTION (SUPPLIES),Current
2005008017,TOTAL LIABILITIES,2,SUNDRY CREDITORS/ACCRUED EXPENSES,2005,OTHERS CREDITORS,2005008,Unknown,412,INCOME TAX DEDUCTION (SERVICES),Current
2005008018,TOTAL LIABILITIES,2,SUNDRY CREDITORS/ACCRUED EXPENSES,2005,OTHERS CREDITORS,2005008,Unknown,413,INCOME TAX DEDUCTION (RENT),Current
2005008019,TOTAL LIABILITIES,2,SUNDRY CREDITORS/ACCRUED EXPENSES,2005,OTHERS CREDITORS,2005008,Unknown,414,INCOME TAX DEDUCTION (COMMISSION),Current
2005008020,TOTAL LIABILITIES,2,SUNDRY CREDITORS/ACCRUED EXPENSES,2005,OTHERS CREDITORS,2005008,Unknown,415,WITHOLDING SALES TAX PAYABLE,Current
2005008021,TOTAL LIABILITIES,2,SUNDRY CREDITORS/ACCRUED EXPENSES,2005,OTHERS CREDITORS,2005008,Unknown,416,PROVISION FOR COMMISSION PAYABLE - AGENT (NEW),Current
2005008022,TOTAL LIABILITIES,2,SUNDRY CREDITORS/ACCRUED EXPENSES,2005,OTHERS CREDITORS,2005008,Unknown,417,SALVAGE PAYABLE TO LOCAL FAC. BUSINESS,Current
2005008023,TOTAL LIABILITIES,2,SUNDRY CREDITORS/ACCRUED EXPENSES,2005,OTHERS CREDITORS,2005008,Unknown,418,SALVAGE PAYABLE TO FOREIGN FAC. BUSINESS,Current
2005008024,TOTAL LIABILITIES,2,SUNDRY CREDITORS/ACCRUED EXPENSES,2005,OTHERS CREDITORS,2005008,Unknown,419,INCOME TAX DEDUCTION (SUPPLIES) (SHF),Current
2005008025,TOTAL LIABILITIES,2,SUNDRY CREDITORS/ACCRUED EXPENSES,2005,OTHERS CREDITORS,2005008,Unknown,420,INCOME TAX DEDUCTION (SERVICES) PTF,Current
2005008026,TOTAL LIABILITIES,2,SUNDRY CREDITORS/ACCRUED EXPENSES,2005,OTHERS CREDITORS,2005008,Unknown,421,WITHOLDING SALES TAX PAYABLE (PTF),Current
2005008027,TOTAL LIABILITIES,2,SUNDRY CREDITORS/ACCRUED EXPENSES,2005,OTHERS CREDITORS,2005008,Unknown,422,PROVISION FOR TRANSITIONAL ADVANCE TAX U/S 236U,Current
2005008028,TOTAL LIABILITIES,2,SUNDRY CREDITORS/ACCRUED EXPENSES,2005,OTHERS CREDITORS,2005008,Unknown,423,TRANSITIONAL ADVANCE TAX U/S 236U PAYABLE,Current
2005009001,TOTAL LIABILITIES,2,SUNDRY CREDITORS/ACCRUED EXPENSES,2005,ACCRUED EXPENSES,2005009,Unknown,424,SUNDRY CREDITORS,Current
2005009002,TOTAL LIABILITIES,2,SUNDRY CREDITORS/ACCRUED EXPENSES,2005,ACCRUED EXPENSES,2005009,Unknown,425,PROVISION FOR BONUS TO STAFF,Current
2005009003,TOTAL LIABILITIES,2,SUNDRY CREDITORS/ACCRUED EXPENSES,2005,ACCRUED EXPENSES,2005009,Unknown,426,PROVISION FOR PROFIT COMMISSION,Current
2005009004,TOTAL LIABILITIES,2,SUNDRY CREDITORS/ACCRUED EXPENSES,2005,ACCRUED EXPENSES,2005009,Unknown,427,OUTSTANDING EXPENSES,Current
2005009005,TOTAL LIABILITIES,2,SUNDRY CREDITORS/ACCRUED EXPENSES,2005,ACCRUED EXPENSES,2005009,Unknown,428,ACCOUNTS PAYABLE (FIXED ASSETS),Current
2005009006,TOTAL LIABILITIES,2,SUNDRY CREDITORS/ACCRUED EXPENSES,2005,ACCRUED EXPENSES,2005009,Unknown,429,FIXED ASSETS TRANSFER,Current
2005010001,TOTAL LIABILITIES,2,SUNDRY CREDITORS/ACCRUED EXPENSES,2005,OTHER LIABILITIES,2005010,Unknown,430,SECURITY DEPOSIT AGAINST PERFORMANCE BONDS,Current
2005010002,TOTAL LIABILITIES,2,SUNDRY CREDITORS/ACCRUED EXPENSES,2005,OTHER LIABILITIES,2005010,Unknown,431,UNCLAIMED DIVIDEND,Current
2005010003,TOTAL LIABILITIES,2,SUNDRY CREDITORS/ACCRUED EXPENSES,2005,OTHER LIABILITIES,2005010,Unknown,432,PROPOSED DIVIDEND,Current
2005010004,TOTAL LIABILITIES,2,SUNDRY CREDITORS/ACCRUED EXPENSES,2005,OTHER LIABILITIES,2005010,Unknown,433,OBLIGATION UNDER FINANCE LEASE,Current
2006001001,TOTAL LIABILITIES,2,PROVISION FOR TAXATION,2006,PROVISION FOR TAXATION,2006001,Unknown,434,PROVISION FOR TAXATION,Current
2006001002,TOTAL LIABILITIES,2,PROVISION FOR TAXATION,2006,PROVISION FOR TAXATION,2006001,Unknown,435,TAX DEDUCTION AT SOURCE-LIABILITY,Current
2006001003,TOTAL LIABILITIES,2,PROVISION FOR TAXATION,2006,PROVISION FOR TAXATION,2006001,Unknown,436,Revaluation of Deffered Tax Liability,Current
2007001001,TOTAL LIABILITIES,2,PROPOSED DIVIDEND,2007,PROPOSED DIVIDEND,2007001,Unknown,437,PROPOSED DIVIDEND,Current
2008001001,TOTAL LIABILITIES,2,PROVISION FOR UNEARNED PREMIUM,2008,PROVISION FOR UNEARNED PREMIUM,2008001,Unknown,438,PROVISION FOR UNEARNED PREMIUM,Current
2008001002,TOTAL LIABILITIES,2,PROVISION FOR UNEARNED PREMIUM,2008,PROVISION FOR UNEARNED PREMIUM,2008001,Unknown,439,PROVISION FOR UNEARNED PREMIUM ON RETROCESSION,Current
2008001003,TOTAL LIABILITIES,2,PROVISION FOR UNEARNED PREMIUM,2008,PROVISION FOR UNEARNED PREMIUM,2008001,Unknown,440,UNEARNED WAKALA FEE INCOME (SHF),Current
2008002001,TOTAL LIABILITIES,2,PROVISION FOR UNEARNED PREMIUM,2008,UNEARNED COMMISSION,2008002,Unknown,441,UNEARNED COMMISSION,Current
2010001001,TOTAL LIABILITIES,2,COMMISSION INCOME UNEARNED,2010,COMMISSION INCOME UNEARNED,2010001,Unknown,442,COMMISSION INCOME UNEARNED,Current
2010001002,TOTAL LIABILITIES,2,COMMISSION INCOME UNEARNED,2010,COMMISSION INCOME UNEARNED,2010001,Unknown,443,PROV.FOR UNEARNED COMMISSION ON RETROCESSION,Current
2010001003,TOTAL LIABILITIES,2,COMMISSION INCOME UNEARNED,2010,COMMISSION INCOME UNEARNED,2010001,Unknown,444,PROVISION AGAINST DIMINUTION IN INVESTMENT,Current
2011001001,TOTAL LIABILITIES,2,#N/A,2011,WAKALA FEE PAYABLE,2011001,Unknown,445,WAKALA FEE PAYABLE TO SHAREHOLDERS FUND,Current
2011001002,TOTAL LIABILITIES,2,#N/A,2011,WAKALA FEE PAYABLE,2011001,Unknown,446,Qard-e-Hasna From SHF (PTF),Current
2011001003,TOTAL LIABILITIES,2,#N/A,2011,WAKALA FEE PAYABLE,2011001,Unknown,447,Provision for Donation,Current
2011001004,TOTAL LIABILITIES,2,#N/A,2011,WAKALA FEE PAYABLE,2011001,Unknown,448,Provision for Leave Encashment,Current
2011001005,TOTAL LIABILITIES,2,#N/A,2011,WAKALA FEE PAYABLE,2011001,Unknown,449,Provision for Audit Fee,Current
2011001006,TOTAL LIABILITIES,2,#N/A,2011,WAKALA FEE PAYABLE,2011001,Unknown,450,Borrowings,Current
2011001007,TOTAL LIABILITIES,2,#N/A,2011,WAKALA FEE PAYABLE,2011001,Unknown,451,Mudarib Share Payable,Current
2011001008,TOTAL LIABILITIES,2,#N/A,2011,WAKALA FEE PAYABLE,2011001,Unknown,452,Commission Payable against Local Fac. Business,Current
2011001009,TOTAL LIABILITIES,2,#N/A,2011,WAKALA FEE PAYABLE,2011001,Unknown,453,Commission Payable against Foreign Fac Business,Current
2011001010,TOTAL LIABILITIES,2,#N/A,2011,WAKALA FEE PAYABLE,2011001,Unknown,454,Provision for Long Service Award,Current
2011001011,TOTAL LIABILITIES,2,#N/A,2011,WAKALA FEE PAYABLE,2011001,Unknown,455,Contribution Deficiency Reserve,Current
3001001001,TOTAL INCOME,3,PROFIT & LOSS A/C,3001,INTEREST & DIVIDEND,3001001,Unknown,456,INTEREST INCOME,Current
3001001002,TOTAL INCOME,3,PROFIT & LOSS A/C,3001,INTEREST & DIVIDEND,3001001,Unknown,457,DIVIDEND INCOME,Current
3001001003,TOTAL INCOME,3,PROFIT & LOSS A/C,3001,INTEREST & DIVIDEND,3001001,Unknown,458,FEE RECIVED,Current
3001001004,TOTAL INCOME,3,PROFIT & LOSS A/C,3001,INTEREST & DIVIDEND,3001001,Unknown,459,Profit on Term Deposit,Current
3001001005,TOTAL INCOME,3,PROFIT & LOSS A/C,3001,INTEREST & DIVIDEND,3001001,Unknown,460,Profit on Term Deposit (SHF),Current
3001002001,TOTAL INCOME,3,PROFIT & LOSS A/C,3001,PROFIT/LOSS ON SALE OF FIXED ASSETS,3001002,Unknown,461,PROFIT/LOSS ON SALE OF FIXED ASSETS,Current
3001003001,TOTAL INCOME,3,PROFIT & LOSS A/C,3001,PROFIT/LOSS ON SALE OF INVESTMENT,3001003,Unknown,462,PROFIT/LOSS ON SALE OF INVESTMENT,Current
3001004001,TOTAL INCOME,3,PROFIT & LOSS A/C,3001,MISC INCOME,3001004,Unknown,463,MISC RECEIPTS,Current
3001004002,TOTAL INCOME,3,PROFIT & LOSS A/C,3001,MISC INCOME,3001004,Unknown,464,RENTAL INCOME,Current
3001005001,TOTAL INCOME,3,PROFIT & LOSS A/C,3001,COMMISSION INCOME,3001005,Unknown,465,COMMISSION INCOME,Current
3001006001,TOTAL INCOME,3,PROFIT & LOSS A/C,3001,SERVICE CHARGES INCOME,3001006,Unknown,466,SERVICE CHARGES INCOME,Current
3001007001,TOTAL INCOME,3,PROFIT & LOSS A/C,3001,SALVAGE INCOME,3001007,Unknown,467,SALVAGE INCOME,Current
3001008001,TOTAL INCOME,3,PROFIT & LOSS A/C,3001,WAKALA FEE INCOME,3001008,Unknown,468,WAKALA FEE INCOME,Current
4001001001,TOTAL EXPENSES,4,OTHER MANAGEMENT EXPENSES,4001,STAFF SALARY,4001001,Unknown,469,BASIC SALARY,Current
4001001002,TOTAL EXPENSES,4,OTHER MANAGEMENT EXPENSES,4001,STAFF SALARY,4001001,Unknown,470,COST OF LIVING ALLOWANCE,Current
4001001003,TOTAL EXPENSES,4,OTHER MANAGEMENT EXPENSES,4001,STAFF SALARY,4001001,Unknown,471,HOUSE RENT ALLOWANCE,Current
4001001004,TOTAL EXPENSES,4,OTHER MANAGEMENT EXPENSES,4001,STAFF SALARY,4001001,Unknown,472,CONVEYANCE ALLOWANCE,Current
4001001005,TOTAL EXPENSES,4,OTHER MANAGEMENT EXPENSES,4001,STAFF SALARY,4001001,Unknown,473,MEDICAL ALLOWANCE,Current
4001001006,TOTAL EXPENSES,4,OTHER MANAGEMENT EXPENSES,4001,STAFF SALARY,4001001,Unknown,474,UTILITY ALLOWANCE,Current
4001001007,TOTAL EXPENSES,4,OTHER MANAGEMENT EXPENSES,4001,STAFF SALARY,4001001,Unknown,475,OTHER ALLOWANCE,Current
4001001008,TOTAL EXPENSES,4,OTHER MANAGEMENT EXPENSES,4001,STAFF SALARY,4001001,Unknown,476,ENTERTAINMENT ALLOWANCE,Current
4001001009,TOTAL EXPENSES,4,OTHER MANAGEMENT EXPENSES,4001,STAFF SALARY,4001001,Unknown,477,SALARY AND ALLOWANCES,Current
4001002001,TOTAL EXPENSES,4,OTHER MANAGEMENT EXPENSES,4001,FIELD STAFF SALARY,4001002,Unknown,478,BASIC SALARY (FIELD STAFF),Current
4001002002,TOTAL EXPENSES,4,OTHER MANAGEMENT EXPENSES,4001,FIELD STAFF SALARY,4001002,Unknown,479,COST OF LIVING ALLOW. (FIELD STAFF),Current
4001002003,TOTAL EXPENSES,4,OTHER MANAGEMENT EXPENSES,4001,FIELD STAFF SALARY,4001002,Unknown,480,HOUSE RENT ALLOW. (FIELD STAFF),Current
4001002004,TOTAL EXPENSES,4,OTHER MANAGEMENT EXPENSES,4001,FIELD STAFF SALARY,4001002,Unknown,481,CONVEYANCE ALLOW. (FIELD STAFF),Current
4001002005,TOTAL EXPENSES,4,OTHER MANAGEMENT EXPENSES,4001,FIELD STAFF SALARY,4001002,Unknown,482,MEDICAL ALLOW. (FIELD STAFF),Current
4001002006,TOTAL EXPENSES,4,OTHER MANAGEMENT EXPENSES,4001,FIELD STAFF SALARY,4001002,Unknown,483,OTHER ALLOW. (FIELD STAFF),Current
4001002007,TOTAL EXPENSES,4,OTHER MANAGEMENT EXPENSES,4001,FIELD STAFF SALARY,4001002,Unknown,484,ENTERTAINMENT ALLOW. (FIELD STAFF),Current
4001002008,TOTAL EXPENSES,4,OTHER MANAGEMENT EXPENSES,4001,FIELD STAFF SALARY,4001002,Unknown,485,UTILITY ALLOWANCE (FIELD STAFF),Current
4001003001,TOTAL EXPENSES,4,OTHER MANAGEMENT EXPENSES,4001,EMPLOYEER OTHER BENEFITS,4001003,Unknown,486,EMPLOYEER P.F. CONTRIBUTION,Current
4001003002,TOTAL EXPENSES,4,OTHER MANAGEMENT EXPENSES,4001,EMPLOYEER OTHER BENEFITS,4001003,Unknown,487,BONUS TO STAFF,Current
4001003003,TOTAL EXPENSES,4,OTHER MANAGEMENT EXPENSES,4001,EMPLOYEER OTHER BENEFITS,4001003,Unknown,488,LEAVE FARE ASSISTANCE,Current
4001003004,TOTAL EXPENSES,4,OTHER MANAGEMENT EXPENSES,4001,EMPLOYEER OTHER BENEFITS,4001003,Unknown,489,GRATUITY,Current
4001003005,TOTAL EXPENSES,4,OTHER MANAGEMENT EXPENSES,4001,EMPLOYEER OTHER BENEFITS,4001003,Unknown,490,E.O.B.I (EXPENSE),Current
4001003006,TOTAL EXPENSES,4,OTHER MANAGEMENT EXPENSES,4001,EMPLOYEER OTHER BENEFITS,4001003,Unknown,491,REST & RECREATION,Current
4001003007,TOTAL EXPENSES,4,OTHER MANAGEMENT EXPENSES,4001,EMPLOYEER OTHER BENEFITS,4001003,Unknown,492,LEAVE ENCASHMENT,Current
4001003008,TOTAL EXPENSES,4,OTHER MANAGEMENT EXPENSES,4001,EMPLOYEER OTHER BENEFITS,4001003,Unknown,493,SOCIAL SECURITY,Current
4001003009,TOTAL EXPENSES,4,OTHER MANAGEMENT EXPENSES,4001,EMPLOYEER OTHER BENEFITS,4001003,Unknown,494,MEDICAL EXPENSES,Current
4001003010,TOTAL EXPENSES,4,OTHER MANAGEMENT EXPENSES,4001,EMPLOYEER OTHER BENEFITS,4001003,Unknown,495,GROUP INSURANCE PREMIUM,Current
4001003011,TOTAL EXPENSES,4,OTHER MANAGEMENT EXPENSES,4001,EMPLOYEER OTHER BENEFITS,4001003,Unknown,496,PROFIT COMMISSION,Current
4001003012,TOTAL EXPENSES,4,OTHER MANAGEMENT EXPENSES,4001,EMPLOYEER OTHER BENEFITS,4001003,Unknown,497,INSPECTOR SALARY,Current
4001004001,TOTAL EXPENSES,4,OTHER MANAGEMENT EXPENSES,4001,REPAIR & MAINTENANCE EXPENSES,4001004,Unknown,498,EQUIPMENT REPAIR & MAINTENANCE,Current
4001004002,TOTAL EXPENSES,4,OTHER MANAGEMENT EXPENSES,4001,REPAIR & MAINTENANCE EXPENSES,4001004,Unknown,499,OFFICE REPAIR & MAINTENANCE,Current
4001005001,TOTAL EXPENSES,4,OTHER MANAGEMENT EXPENSES,4001,MOTOR VEHICLE EXPENSES,4001005,Unknown,500,PETROL EXPENSES,Current
4001005002,TOTAL EXPENSES,4,OTHER MANAGEMENT EXPENSES,4001,MOTOR VEHICLE EXPENSES,4001005,Unknown,501,CAR MAINTENANCE EXPENSES,Current
4001006001,TOTAL EXPENSES,4,OTHER MANAGEMENT EXPENSES,4001,OPERATING EXPENSES,4001006,Unknown,502,ENTERTAINMENT EXPENSES,Current
4001006002,TOTAL EXPENSES,4,OTHER MANAGEMENT EXPENSES,4001,OPERATING EXPENSES,4001006,Unknown,503,CONVEYANCE EXPENSES,Current
4001006003,TOTAL EXPENSES,4,OTHER MANAGEMENT EXPENSES,4001,OPERATING EXPENSES,4001006,Unknown,504,TRAVELLING EXPENSES,Current
4001006004,TOTAL EXPENSES,4,OTHER MANAGEMENT EXPENSES,4001,OPERATING EXPENSES,4001006,Unknown,505,TELEPHONE EXPENSES,Current
4001006005,TOTAL EXPENSES,4,OTHER MANAGEMENT EXPENSES,4001,OPERATING EXPENSES,4001006,Unknown,506,"GAS, ELECTRICITY & UTILITY EXP",Current
4001006006,TOTAL EXPENSES,4,OTHER MANAGEMENT EXPENSES,4001,OPERATING EXPENSES,4001006,Unknown,507,PRINTING & STATIONERY EXP,Current
4001006007,TOTAL EXPENSES,4,OTHER MANAGEMENT EXPENSES,4001,OPERATING EXPENSES,4001006,Unknown,508,COMPUTER STATIONERY EXP,Current
4001006008,TOTAL EXPENSES,4,OTHER MANAGEMENT EXPENSES,4001,OPERATING EXPENSES,4001006,Unknown,509,ADVERTISING EXPENSES,Current
4001006009,TOTAL EXPENSES,4,OTHER MANAGEMENT EXPENSES,4001,OPERATING EXPENSES,4001006,Unknown,510,MISC EXPENSES,Current
4001006010,TOTAL EXPENSES,4,OTHER MANAGEMENT EXPENSES,4001,OPERATING EXPENSES,4001006,Unknown,511,RENT RATE & TAXES,Current
4001006011,TOTAL EXPENSES,4,OTHER MANAGEMENT EXPENSES,4001,OPERATING EXPENSES,4001006,Unknown,512,REGISTRATION FEE,Current
4001006012,TOTAL EXPENSES,4,OTHER MANAGEMENT EXPENSES,4001,OPERATING EXPENSES,4001006,Unknown,513,POSTAGE & TELEGRAM,Current
4001006013,TOTAL EXPENSES,4,OTHER MANAGEMENT EXPENSES,4001,OPERATING EXPENSES,4001006,Unknown,514,GIFT EXPENSES,Current
4001006014,TOTAL EXPENSES,4,OTHER MANAGEMENT EXPENSES,4001,OPERATING EXPENSES,4001006,Unknown,515,FEE & SUBSCRIPTION,Current
4001006015,TOTAL EXPENSES,4,OTHER MANAGEMENT EXPENSES,4001,OPERATING EXPENSES,4001006,Unknown,516,TRAINING EXPENSES,Current
4001006016,TOTAL EXPENSES,4,OTHER MANAGEMENT EXPENSES,4001,OPERATING EXPENSES,4001006,Unknown,517,POLICY STAMPS,Current
4001006017,TOTAL EXPENSES,4,OTHER MANAGEMENT EXPENSES,4001,OPERATING EXPENSES,4001006,Unknown,518,BOND PAPER EXPENSES,Current
4001006018,TOTAL EXPENSES,4,OTHER MANAGEMENT EXPENSES,4001,OPERATING EXPENSES,4001006,Unknown,519,BUSINESS PROMOTION,Current
4001006019,TOTAL EXPENSES,4,OTHER MANAGEMENT EXPENSES,4001,OPERATING EXPENSES,4001006,Unknown,520,OFFICE EXPENSES,Current
4001006020,TOTAL EXPENSES,4,OTHER MANAGEMENT EXPENSES,4001,OPERATING EXPENSES,4001006,Unknown,521,NEWS PAPER & MAGZINE,Current
4001006021,TOTAL EXPENSES,4,OTHER MANAGEMENT EXPENSES,4001,OPERATING EXPENSES,4001006,Unknown,522,INTERNET CHARGES,Current
4001006022,TOTAL EXPENSES,4,OTHER MANAGEMENT EXPENSES,4001,OPERATING EXPENSES,4001006,Unknown,523,FIXED ASSETS EXPENSES,Current
4001006023,TOTAL EXPENSES,4,OTHER MANAGEMENT EXPENSES,4001,OPERATING EXPENSES,4001006,Unknown,524,STAMP EXPENSES,Current
4001006024,TOTAL EXPENSES,4,OTHER MANAGEMENT EXPENSES,4001,OPERATING EXPENSES,4001006,Unknown,525,VRS PAYMENTS,Current
4001006025,TOTAL EXPENSES,4,OTHER MANAGEMENT EXPENSES,4001,OPERATING EXPENSES,4001006,Unknown,526,UTILITY EXPENSES,Current
4001006026,TOTAL EXPENSES,4,OTHER MANAGEMENT EXPENSES,4001,OPERATING EXPENSES,4001006,Unknown,527,TRAINING EXPENSES,Current
4001006027,TOTAL EXPENSES,4,OTHER MANAGEMENT EXPENSES,4001,OPERATING EXPENSES,4001006,Unknown,528,GROUP INSURANCE PREMIUM,Current
4001006028,TOTAL EXPENSES,4,OTHER MANAGEMENT EXPENSES,4001,OPERATING EXPENSES,4001006,Unknown,529,STAMPS EXPENSES,Current
4001006029,TOTAL EXPENSES,4,OTHER MANAGEMENT EXPENSES,4001,OPERATING EXPENSES,4001006,Unknown,530,BOND PAPER EXPENSES,Current
4001006030,TOTAL EXPENSES,4,OTHER MANAGEMENT EXPENSES,4001,OPERATING EXPENSES,4001006,Unknown,531,MARKUP ON SHORT TERM BORROWING,Current
4001006031,TOTAL EXPENSES,4,OTHER MANAGEMENT EXPENSES,4001,OPERATING EXPENSES,4001006,Unknown,532,LEAVE FARE ASSISTANCE,Current
4001006032,TOTAL EXPENSES,4,OTHER MANAGEMENT EXPENSES,4001,OPERATING EXPENSES,4001006,Unknown,533,PROFIT COMMISSION,Current
4001006033,TOTAL EXPENSES,4,OTHER MANAGEMENT EXPENSES,4001,OPERATING EXPENSES,4001006,Unknown,534,INSPECTOR SALARY,Current
4001006034,TOTAL EXPENSES,4,OTHER MANAGEMENT EXPENSES,4001,OPERATING EXPENSES,4001006,Unknown,535,UTILITY EXPENSES,Current
4001006035,TOTAL EXPENSES,4,OTHER MANAGEMENT EXPENSES,4001,OPERATING EXPENSES,4001006,Unknown,536,FINANCIAL CHARGES,Current
4001006036,TOTAL EXPENSES,4,OTHER MANAGEMENT EXPENSES,4001,OPERATING EXPENSES,4001006,Unknown,537,BUSINESS PROMOTION,Current
4001006037,TOTAL EXPENSES,4,OTHER MANAGEMENT EXPENSES,4001,OPERATING EXPENSES,4001006,Unknown,538,OFFICE EXPENSES,Current
4001006038,TOTAL EXPENSES,4,OTHER MANAGEMENT EXPENSES,4001,OPERATING EXPENSES,4001006,Unknown,539,NEWS PAPER & MAGZINE,Current
4001006039,TOTAL EXPENSES,4,OTHER MANAGEMENT EXPENSES,4001,OPERATING EXPENSES,4001006,Unknown,540,INTERNET CHARGES,Current
4001006040,TOTAL EXPENSES,4,OTHER MANAGEMENT EXPENSES,4001,OPERATING EXPENSES,4001006,Unknown,541,FIXED ASSETS EXPENSES,Current
4001006041,TOTAL EXPENSES,4,OTHER MANAGEMENT EXPENSES,4001,OPERATING EXPENSES,4001006,Unknown,542,GMS STAFF MISC EXP,Current
4001006042,TOTAL EXPENSES,4,OTHER MANAGEMENT EXPENSES,4001,OPERATING EXPENSES,4001006,Unknown,543,ATLAS LIFE INSURANCE,Current
4001006043,TOTAL EXPENSES,4,OTHER MANAGEMENT EXPENSES,4001,OPERATING EXPENSES,4001006,Unknown,544,VRS PAYMENTS,Current
4001006044,TOTAL EXPENSES,4,OTHER MANAGEMENT EXPENSES,4001,OPERATING EXPENSES,4001006,Unknown,545,SUSPENSE ACCOUNT FOR DATA CONVERSION,Current
4001006045,TOTAL EXPENSES,4,OTHER MANAGEMENT EXPENSES,4001,OPERATING EXPENSES,4001006,Unknown,546,REVENUE STAMPS,Current
4001006046,TOTAL EXPENSES,4,OTHER MANAGEMENT EXPENSES,4001,OPERATING EXPENSES,4001006,Unknown,547,GROUP HEALTH CARE INSURANCE,Current
4001006047,TOTAL EXPENSES,4,OTHER MANAGEMENT EXPENSES,4001,OPERATING EXPENSES,4001006,Unknown,548,TRACKERS,Current
4001006048,TOTAL EXPENSES,4,OTHER MANAGEMENT EXPENSES,4001,OPERATING EXPENSES,4001006,Unknown,549,INSPECTION EXP,Current
4001006049,TOTAL EXPENSES,4,OTHER MANAGEMENT EXPENSES,4001,OPERATING EXPENSES,4001006,Unknown,550,OUTFIT ALLOW.,Current
4001006050,TOTAL EXPENSES,4,OTHER MANAGEMENT EXPENSES,4001,OPERATING EXPENSES,4001006,Unknown,551,EXCHANGE OF CURRENCY RATE,Current
4001006051,TOTAL EXPENSES,4,OTHER MANAGEMENT EXPENSES,4001,OPERATING EXPENSES,4001006,Unknown,552,SOCIAL SECURITY,Current
4001006052,TOTAL EXPENSES,4,OTHER MANAGEMENT EXPENSES,4001,OPERATING EXPENSES,4001006,Unknown,553,LONG SERVICE AWARD,Current
4001006053,TOTAL EXPENSES,4,OTHER MANAGEMENT EXPENSES,4001,OPERATING EXPENSES,4001006,Unknown,554,IT RESOURCE CENTRE,Current
4001006054,TOTAL EXPENSES,4,OTHER MANAGEMENT EXPENSES,4001,OPERATING EXPENSES,4001006,Unknown,555,HOUSE REPAIR & MAINTENANCE,Current
4001006055,TOTAL EXPENSES,4,OTHER MANAGEMENT EXPENSES,4001,OPERATING EXPENSES,4001006,Unknown,556,INSURANCE OF COMPANY ASSETS,Current
4001006056,TOTAL EXPENSES,4,OTHER MANAGEMENT EXPENSES,4001,OPERATING EXPENSES,4001006,Unknown,557,HOSPITALIZATION REIMBURSEMENT EXPENSES,Current
4001007001,TOTAL EXPENSES,4,OTHER MANAGEMENT EXPENSES,4001,SERVICE CHARGES PAID TO CO-INS.,4001007,Unknown,558,SERVICE CHARGES PAID TO CO-INS.,Current
4001008001,TOTAL EXPENSES,4,OTHER MANAGEMENT EXPENSES,4001,OTHER MANAGEMENT EXPENSES,4001008,Unknown,559,OTHER MANAGEMENT EXPENSES,Current
4001008002,TOTAL EXPENSES,4,OTHER MANAGEMENT EXPENSES,4001,OTHER MANAGEMENT EXPENSES,4001008,Unknown,560,SUSPENSE ACCOUNT FOR DATA CONVERSION,Current
4002001001,TOTAL EXPENSES,4,GENERAL & ADMINISTRATIVE EXPENSES,4002,DEPRECIATION ,4002001,Unknown,561,DEPRECIATION EXP ON BUILDING,Current
4002001002,TOTAL EXPENSES,4,GENERAL & ADMINISTRATIVE EXPENSES,4002,DEPRECIATION ,4002001,Unknown,562,DEPRECIATION EXP ON VEHICLE,Current
4002001003,TOTAL EXPENSES,4,GENERAL & ADMINISTRATIVE EXPENSES,4002,DEPRECIATION ,4002001,Unknown,563,DEPRECIATION EXP ON FURNITURE & FIXTURE,Current
4002001004,TOTAL EXPENSES,4,GENERAL & ADMINISTRATIVE EXPENSES,4002,DEPRECIATION ,4002001,Unknown,564,DEPRECIATION EXP ON OFFICE EQUIPMENT,Current
4002001005,TOTAL EXPENSES,4,GENERAL & ADMINISTRATIVE EXPENSES,4002,DEPRECIATION ,4002001,Unknown,565,DEPRECIATION EXP ON COMPUTERS,Current
4002001006,TOTAL EXPENSES,4,GENERAL & ADMINISTRATIVE EXPENSES,4002,DEPRECIATION ,4002001,Unknown,566,DEPRECIATION EXP ON FREEHOLD LAND,Current
4002001007,TOTAL EXPENSES,4,GENERAL & ADMINISTRATIVE EXPENSES,4002,DEPRECIATION ,4002001,Unknown,567,Depreciation of right of use Asset,Current
4002002001,TOTAL EXPENSES,4,GENERAL & ADMINISTRATIVE EXPENSES,4002,GENERAL EXPENSES,4002002,Unknown,568,DONATIONS,Current
4002002002,TOTAL EXPENSES,4,GENERAL & ADMINISTRATIVE EXPENSES,4002,GENERAL EXPENSES,4002002,Unknown,569,DIRECTORS FEE,Current
4002002003,TOTAL EXPENSES,4,GENERAL & ADMINISTRATIVE EXPENSES,4002,GENERAL EXPENSES,4002002,Unknown,570,ZAKAT,Current
4002002004,TOTAL EXPENSES,4,GENERAL & ADMINISTRATIVE EXPENSES,4002,GENERAL EXPENSES,4002002,Unknown,571,LEGAL & PROFESSIONAL CHARGES,Current
4002002005,TOTAL EXPENSES,4,GENERAL & ADMINISTRATIVE EXPENSES,4002,GENERAL EXPENSES,4002002,Unknown,572,AUDIT FEE,Current
4002002006,TOTAL EXPENSES,4,GENERAL & ADMINISTRATIVE EXPENSES,4002,GENERAL EXPENSES,4002002,Unknown,573,PROVISION FOR DOUBTFUL DEBTS,Current
4002002007,TOTAL EXPENSES,4,GENERAL & ADMINISTRATIVE EXPENSES,4002,GENERAL EXPENSES,4002002,Unknown,574,BANK CHARGES,Current
4002002008,TOTAL EXPENSES,4,GENERAL & ADMINISTRATIVE EXPENSES,4002,GENERAL EXPENSES,4002002,Unknown,575,FINANCIAL CHARGES ON LEASE ASSETS,Current
4002002009,TOTAL EXPENSES,4,GENERAL & ADMINISTRATIVE EXPENSES,4002,GENERAL EXPENSES,4002002,Unknown,576,MARKUP ON SHORT TERM BORROWING,Current
4002002010,TOTAL EXPENSES,4,GENERAL & ADMINISTRATIVE EXPENSES,4002,GENERAL EXPENSES,4002002,Unknown,577,STAFF P.F. CO'S CONTRIBUTION,Current
4002002011,TOTAL EXPENSES,4,GENERAL & ADMINISTRATIVE EXPENSES,4002,GENERAL EXPENSES,4002002,Unknown,578,PROVISION RECOVERY AGAINST AGENTS,Current
4002002012,TOTAL EXPENSES,4,GENERAL & ADMINISTRATIVE EXPENSES,4002,GENERAL EXPENSES,4002002,Unknown,579,AMORTIZATION IN INTANGIBLE ASSETS,Current
4002002013,TOTAL EXPENSES,4,GENERAL & ADMINISTRATIVE EXPENSES,4002,GENERAL EXPENSES,4002002,Unknown,580,AUDITORS OUT OF POCKET EXP,Current
4002002014,TOTAL EXPENSES,4,GENERAL & ADMINISTRATIVE EXPENSES,4002,GENERAL EXPENSES,4002002,Unknown,581,DIMINUTION IN INVESTMENT,Current
4002002015,TOTAL EXPENSES,4,GENERAL & ADMINISTRATIVE EXPENSES,4002,GENERAL EXPENSES,4002002,Unknown,582,WORKER WELFARE FUND EXPENSE,Current
4002002016,TOTAL EXPENSES,4,GENERAL & ADMINISTRATIVE EXPENSES,4002,GENERAL EXPENSES,4002002,Unknown,583,PREMIUM AMORTIZED ON STATUTORY DEPOSIT,Current
4002002017,TOTAL EXPENSES,4,GENERAL & ADMINISTRATIVE EXPENSES,4002,GENERAL EXPENSES,4002002,Unknown,584,STAFF PENSION CO'S CONTRIBUTION,Current
4002002018,TOTAL EXPENSES,4,GENERAL & ADMINISTRATIVE EXPENSES,4002,GENERAL EXPENSES,4002002,Unknown,585,BANK CHARGES (PTF),Current
4002003001,TOTAL EXPENSES,4,GENERAL & ADMINISTRATIVE EXPENSES,4002,OTHER UNALLOCATED EXPENSES,4002003,Unknown,586,DONATIONS,Current
4002003002,TOTAL EXPENSES,4,GENERAL & ADMINISTRATIVE EXPENSES,4002,OTHER UNALLOCATED EXPENSES,4002003,Unknown,587,DIRECTOR S FEE,Current
4002003003,TOTAL EXPENSES,4,GENERAL & ADMINISTRATIVE EXPENSES,4002,OTHER UNALLOCATED EXPENSES,4002003,Unknown,588,ZAKAT,Current
4002004001,TOTAL EXPENSES,4,GENERAL & ADMINISTRATIVE EXPENSES,4002,PROVISION RECOVERY AGAINSTS AGENTS,4002004,Unknown,589,PROVISION RECOVERY AGAINSTS AGENTS,Current
4002005001,TOTAL EXPENSES,4,GENERAL & ADMINISTRATIVE EXPENSES,4002,Tax Expense,4002005,Unknown,590,Current Tax- Current Year,Current
4002005002,TOTAL EXPENSES,4,GENERAL & ADMINISTRATIVE EXPENSES,4002,Tax Expense,4002005,Unknown,591,Current Tax- Prior Year,Current
4002005003,TOTAL EXPENSES,4,GENERAL & ADMINISTRATIVE EXPENSES,4002,Tax Expense,4002005,Unknown,592,Deferred Tax- Current Year,Current
4002005004,TOTAL EXPENSES,4,GENERAL & ADMINISTRATIVE EXPENSES,4002,Tax Expense,4002005,Unknown,593,Deferred Tax- Prior Year,Current
4003001001,TOTAL EXPENSES,4,COMMISSION PAID OR PAYABLE,4003,COMMISSION PAID OR PAYABLE,4003001,Unknown,594,AGENCY COMMISSION,Current
4003001002,TOTAL EXPENSES,4,COMMISSION PAID OR PAYABLE,4003,COMMISSION PAID OR PAYABLE,4003001,Unknown,595,P.H.D.,Current
4003001003,TOTAL EXPENSES,4,COMMISSION PAID OR PAYABLE,4003,COMMISSION PAID OR PAYABLE,4003001,Unknown,596,COMMISSION PAID AGAINST CO-INSURANCE BUSINESS,Current
4003001004,TOTAL EXPENSES,4,COMMISSION PAID OR PAYABLE,4003,COMMISSION PAID OR PAYABLE,4003001,Unknown,597,COMMISSION PAID AGAINST FACULTATIVE BUSINESS,Current
4003002001,TOTAL EXPENSES,4,COMMISSION PAID OR PAYABLE,4003,COMMISSION PAID AGAINST RETROCESSION BUSINESS,4003002,Unknown,598,COMMISSION PAID AGAINST RETROCESSION BUSINESS,Current
4004001001,TOTAL EXPENSES,4,RE-INSURANCE PREMIUM CEDED,4004,RE-INSURANCE PREMIUM CEDED,4004001,Unknown,599,RE-INSURANCE PREMIUM CEDED,Current
4004001002,TOTAL EXPENSES,4,RE-INSURANCE PREMIUM CEDED,4004,RE-INSURANCE PREMIUM CEDED,4004001,Unknown,600,CO-INS PREMIUM CEDED,Current
4004001003,TOTAL EXPENSES,4,RE-INSURANCE PREMIUM CEDED,4004,RE-INSURANCE PREMIUM CEDED,4004001,Unknown,601,PREMIUM CEDED TO PRCL,Current
4004001004,TOTAL EXPENSES,4,RE-INSURANCE PREMIUM CEDED,4004,RE-INSURANCE PREMIUM CEDED,4004001,Unknown,602,TREATY IST SURPLUS CEDED,Current
4004001005,TOTAL EXPENSES,4,RE-INSURANCE PREMIUM CEDED,4004,RE-INSURANCE PREMIUM CEDED,4004001,Unknown,603,TREATY 2ND SURPLUS CEDED,Current
4004001006,TOTAL EXPENSES,4,RE-INSURANCE PREMIUM CEDED,4004,RE-INSURANCE PREMIUM CEDED,4004001,Unknown,604,LOCAL FAC. PREMIUM CEDED,Current
4004001007,TOTAL EXPENSES,4,RE-INSURANCE PREMIUM CEDED,4004,RE-INSURANCE PREMIUM CEDED,4004001,Unknown,605,FOREIGN FAC. PREMIUM CEDED,Current
4004001008,TOTAL EXPENSES,4,RE-INSURANCE PREMIUM CEDED,4004,RE-INSURANCE PREMIUM CEDED,4004001,Unknown,606,EXCESS OF LOSS CEDED TO TREATY RE-INSURANCE,Current
4004002001,TOTAL EXPENSES,4,RE-INSURANCE PREMIUM CEDED,4004,PREMIUM PAID AGAINST RETROCESSION BUSINESS,4004002,Unknown,607,PREMIUM PAID AGAINST RETROCESSION BUSINESS,Current
4006001001,TOTAL EXPENSES,4,COMMISSION INCOME UNEARNED,4006,COMMISSION INCOME UNEARNED ,4006001,Unknown,608,COMMISSION INCOME UNEARNED,Current
4007001001,TOTAL EXPENSES,4,CLAIMS PAID,4007,DIRECT CLAIM ,4007001,Unknown,609,DIRECT CLAIM,Current
4007001002,TOTAL EXPENSES,4,CLAIMS PAID,4007,DIRECT CLAIM ,4007001,Unknown,610,CLAIM PAID AGAINST CO-INSURANCE BUSINESS,Current
4007001003,TOTAL EXPENSES,4,CLAIMS PAID,4007,DIRECT CLAIM ,4007001,Unknown,611,CLAIM PAID AGAINST FOREIGN FAC. BUSINESS,Current
4007001004,TOTAL EXPENSES,4,CLAIMS PAID,4007,DIRECT CLAIM ,4007001,Unknown,612,CLAIM PAID AGAINST LOCAL FAC. BUSINESS,Current
4008002001,TOTAL EXPENSES,4,CLAIMS PAID AGAINST RETROCESSION BUSINESS,4008,CLAIM PAID AGAINST RETROCESSION BUSINESS,4008002,Unknown,613,CLAIM PAID AGAINST RETROCESSION BUSINESS,Current
4009001001,TOTAL EXPENSES,4,WAKALA FEE EXPENSE,4009,WAKALA FEE EXPENSE,4009001,Unknown,614,WAKALA FEE EXPENSE,Current
4009001002,TOTAL EXPENSES,4,WAKALA FEE EXPENSE,4009,WAKALA FEE EXPENSE,4009001,Unknown,615,Animal Identification Tag Expense,Current
4010001001,TOTAL EXPENSES,4,Contribution Deficiency,4010,Contribution Deficiency,4010001,Unknown,616,Contribution Deficiency Expense,Current
4011001001,TOTAL EXPENSES,4,Investment Related,4011,Investment Related,4011001,Unknown,617,Investment Related Expenses,Current
5001001001,REVENUE,5,PREMIUM,5001,PREMIUM,5001001,Unknown,618,DIRECT PREMIUM,Current
5001001002,REVENUE,5,PREMIUM,5001,PREMIUM,5001001,Unknown,619,PREMIUM RECEIVED AGAINST CO-INS BUSINESS,Current
5001002001,REVENUE,5,PREMIUM,5001,PREMIUM RECEIVED FROM RETROCESSION BUSINESS,5001002,Unknown,620,PREMIUM RECEIVED FROM RETROCESSION BUSINESS,Current
5001002002,REVENUE,5,PREMIUM,5001,PREMIUM RECEIVED FROM RETROCESSION BUSINESS,5001002,Unknown,621,PREMIUM RECEIVED AGAINST FAC. BUSINESS,Current
5002001001,REVENUE,5,COMMISSION FROM RE-INSURER & OTHERS,5002,COMMISSION FROM RE-INSURERS & OTHERS,5002001,Unknown,622,COMMISSION FROM RE-INSURERS,Current
5002001002,REVENUE,5,COMMISSION FROM RE-INSURER & OTHERS,5002,COMMISSION FROM RE-INSURERS & OTHERS,5002001,Unknown,623,COMMISSION FROM CO-INSURERS,Current
5002001003,REVENUE,5,COMMISSION FROM RE-INSURER & OTHERS,5002,COMMISSION FROM RE-INSURERS & OTHERS,5002001,Unknown,624,COMMISSION OBLIGATORY FROM PRCL,Current
5002001004,REVENUE,5,COMMISSION FROM RE-INSURER & OTHERS,5002,COMMISSION FROM RE-INSURERS & OTHERS,5002001,Unknown,625,COMMISSION FROM LOCAL FACUL.,Current
5002001005,REVENUE,5,COMMISSION FROM RE-INSURER & OTHERS,5002,COMMISSION FROM RE-INSURERS & OTHERS,5002001,Unknown,626,COMMISSION FROM F/FACUL.,Current
5002001006,REVENUE,5,COMMISSION FROM RE-INSURER & OTHERS,5002,COMMISSION FROM RE-INSURERS & OTHERS,5002001,Unknown,627,COMMISSION FROM TREATY IST SURPLUS,Current
5002001007,REVENUE,5,COMMISSION FROM RE-INSURER & OTHERS,5002,COMMISSION FROM RE-INSURERS & OTHERS,5002001,Unknown,628,COMMISSION FROM TREATY 2ND SURPLUS,Current
5002001008,REVENUE,5,COMMISSION FROM RE-INSURER & OTHERS,5002,COMMISSION FROM RE-INSURERS & OTHERS,5002001,Unknown,629,COMMISSION EXCESS OF LOSS,Current
5002001009,REVENUE,5,COMMISSION FROM RE-INSURER & OTHERS,5002,COMMISSION FROM RE-INSURERS & OTHERS,5002001,Unknown,630,COMMISSION TREATY FROM PRCL,Current
5002001010,REVENUE,5,COMMISSION FROM RE-INSURER & OTHERS,5002,COMMISSION FROM RE-INSURERS & OTHERS,5002001,Unknown,631,PROFIT COMMISSION ON RE-INS BUSINESS,Current
5002002001,REVENUE,5,COMMISSION FROM RE-INSURER & OTHERS,5002,COMMISSION FROM RETROCERSSION,5002002,Unknown,632,COMMISSION FROM RETROCERSSION,Current
5002003001,REVENUE,5,COMMISSION FROM RE-INSURER & OTHERS,5002,RETROCESSION,5002003,Unknown,633,RETROCESSION INWARD,Current
5002004001,REVENUE,5,COMMISSION FROM RE-INSURER & OTHERS,5002,FOREIGN TREATY INWARD,5002004,Unknown,634,FOREIGN TREATY INWARD,Current
5002005001,REVENUE,5,COMMISSION FROM RE-INSURER & OTHERS,5002,PREMIUM (OUTWARD),5002005,Unknown,635,CO-INS OUTWARD PREMIUM,Current
5002006001,REVENUE,5,COMMISSION FROM RE-INSURER & OTHERS,5002,LOCAL RE-INS OUTWARD PREMIUM,5002006,Unknown,636,LOCAL RE-INS OUTWARD PREMIUM,Current
5002007001,REVENUE,5,COMMISSION FROM RE-INSURER & OTHERS,5002,OBLIGATORY OUTWARD,5002007,Unknown,637,OBLIGATORY OUTWARD CESSION,Current
5002008001,REVENUE,5,COMMISSION FROM RE-INSURER & OTHERS,5002,TREATY OUTWARD IST SURPLUS,5002008,Unknown,638,TREATY OUTWARD IST SURPLUS,Current
5002009001,REVENUE,5,COMMISSION FROM RE-INSURER & OTHERS,5002,TREATY OUTWARD 2ND SURPLUS,5002009,Unknown,639,TREATY OUTWARD 2ND SURPLUS,Current
5002010001,REVENUE,5,COMMISSION FROM RE-INSURER & OTHERS,5002,FOREIGN FACUL. OBLIGATORY OUTWARD,5002010,Unknown,640,FOREIGN FACUL. OBLIGATORY OUTWARD,Current
5002011001,REVENUE,5,COMMISSION FROM RE-INSURER & OTHERS,5002,EXCESS OF LOSS,5002011,Unknown,641,EXCESS OF LOSS,Current
5003001001,REVENUE,5,COMMISSION,5003,DIRECT COMMISSION,5003001,Unknown,642,DIRECT COMMISSION,Current
5003001002,REVENUE,5,COMMISSION,5003,DIRECT COMMISSION,5003001,Unknown,643,AGENCY COMMISSION,Current
5003001003,REVENUE,5,COMMISSION,5003,DIRECT COMMISSION,5003001,Unknown,644,P.H.D COMMISSION,Current
5003002001,REVENUE,5,COMMISSION,5003,AGENCY COMMISSION UNEARNED,5003002,Unknown,645,AGENCY COMMISSION UNEARNED NET COMMISSION INCOME,Current
5003002002,REVENUE,5,COMMISSION,5003,AGENCY COMMISSION UNEARNED,5003002,Unknown,646,WAKALA FEE UNEARNED (PTF),Current
5004001001,REVENUE,5,COMMISSION INWARD,5004,COMMISSION CO-INS INWARD,5004001,Unknown,647,COMMISSION CO-INS INWARD,Current
5004002001,REVENUE,5,COMMISSION INWARD,5004,COMMISSION LOCAL RE-INS INWARD,5004002,Unknown,648,COMMISSION LOCAL RE-INS INWARD,Current
5004003001,REVENUE,5,COMMISSION INWARD,5004,RETROCESSION COMMISSION ,5004003,Unknown,649,RETROCESSION COMMISSION  INWARD,Current
5004004001,REVENUE,5,COMMISSION INWARD,5004,FOREIGN TREATY  COMMISSION,5004004,Unknown,650,FOREIGN TREATY  COMMISSION INWARD,Current
5005001001,REVENUE,5,COMMISSION OUTWARD,5005,COMMISSION CO-INS OUTWARD,5005001,Unknown,651,COMMISSION CO-INS OUTWARD,Current
5005002001,REVENUE,5,COMMISSION OUTWARD,5005,COMMISSION LOCAL RE-INS OUTWARD,5005002,Unknown,652,COMMISSION LOCAL RE-INS OUTWARD,Current
5005003001,REVENUE,5,COMMISSION OUTWARD,5005,COMMISSION OUTWARD OBLIGATORY,5005003,Unknown,653,COMMISSION OUTWARD OBLIGATORY,Current
5005004001,REVENUE,5,COMMISSION OUTWARD,5005,COMMISSION TREATY OUTWARD IST SURPLUS,5005004,Unknown,654,COMMISSION TREATY OUTWARD IST SURPLUS,Current
5005005001,REVENUE,5,COMMISSION OUTWARD,5005,COMMISSION TREATY OUTWARD 2ND SURPLUS,5005005,Unknown,655,COMMISSION TREATY OUTWARD 2ND SURPLUS,Current
5005006001,REVENUE,5,COMMISSION OUTWARD,5005,COMMISSION FOREIGN FACUL. OBLIGATORY OUTWARD,5005006,Unknown,656,COMMISSION FOREIGN FACUL. OBLIGATORY OUTWARD,Current
5005007001,REVENUE,5,COMMISSION OUTWARD,5005,COMMISSION EXCESS OF LOSS,5005007,Unknown,657,COMMISSION EXCESS OF LOSS,Current
5005008001,REVENUE,5,COMMISSION OUTWARD,5005,UNEARNED COMMISSION,5005008,Unknown,658,UNEARNED COMMISSION,Current
5006001001,REVENUE,5,CLAIM,5006,DIRECT CLAIM,5006001,Unknown,659,DIRECT CLAIM,Current
5007001001,REVENUE,5,CLAIM (INWARD),5007,CLAIM CO-INS INWARD,5007001,Unknown,660,CLAIM CO-INS INWARD,Current
5007002001,REVENUE,5,CLAIM (INWARD),5007,CLAIM LOCAL RE-INS INWARD,5007002,Unknown,661,CLAIM LOCAL RE-INS INWARD,Current
5007003001,REVENUE,5,CLAIM (INWARD),5007,RETROCESSION INWARD CLAIM,5007003,Unknown,662,RETROCESSION INWARD CLAIM,Current
5007004001,REVENUE,5,CLAIM (INWARD),5007,FOREIGN TREATY INWARD CLAIM,5007004,Unknown,663,FOREIGN TREATY INWARD CLAIM,Current
5008001001,REVENUE,5,CLAIM RECOVERED FROM RE-INSURERS & OTHERS,5008,CLAIM RECOVERED FROM RE-INSURERS & OTHERS,5008001,Unknown,664,CLAIM RECOVERED FROM RE-INSURERS,Current
5008001002,REVENUE,5,CLAIM RECOVERED FROM RE-INSURERS & OTHERS,5008,CLAIM RECOVERED FROM RE-INSURERS & OTHERS,5008001,Unknown,665,CLAIM FROM CO-INSURANCE BUSINESS,Current
5008001003,REVENUE,5,CLAIM RECOVERED FROM RE-INSURERS & OTHERS,5008,CLAIM RECOVERED FROM RE-INSURERS & OTHERS,5008001,Unknown,666,CLAIM RECOVERED FROM PRCL,Current
5008001004,REVENUE,5,CLAIM RECOVERED FROM RE-INSURERS & OTHERS,5008,CLAIM RECOVERED FROM RE-INSURERS & OTHERS,5008001,Unknown,667,CLAIM RECOVERED FROM TTY IST SURPLUS,Current
5008001005,REVENUE,5,CLAIM RECOVERED FROM RE-INSURERS & OTHERS,5008,CLAIM RECOVERED FROM RE-INSURERS & OTHERS,5008001,Unknown,668,CLAIM RECOVERED FROM TTY 2ND SURPLUS,Current
5008001006,REVENUE,5,CLAIM RECOVERED FROM RE-INSURERS & OTHERS,5008,CLAIM RECOVERED FROM RE-INSURERS & OTHERS,5008001,Unknown,669,CLAIM RECEIVABLE FROM LOCAL FAC. OBLIGATORY,Current
5008001007,REVENUE,5,CLAIM RECOVERED FROM RE-INSURERS & OTHERS,5008,CLAIM RECOVERED FROM RE-INSURERS & OTHERS,5008001,Unknown,670,CLAIM RECEIVABLE FROM FOREIGN  FAC. OBLIGATORY,Current
5008001008,REVENUE,5,CLAIM RECOVERED FROM RE-INSURERS & OTHERS,5008,CLAIM RECOVERED FROM RE-INSURERS & OTHERS,5008001,Unknown,671,CLAIM RECOVERED FROM EXCESS OF LOSS,Current
5008001009,REVENUE,5,CLAIM RECOVERED FROM RE-INSURERS & OTHERS,5008,CLAIM RECOVERED FROM RE-INSURERS & OTHERS,5008001,Unknown,672,CLAIMS RECOVERED FROM CO-INS. BUSINESS,Current
5008001010,REVENUE,5,CLAIM RECOVERED FROM RE-INSURERS & OTHERS,5008,CLAIM RECOVERED FROM RE-INSURERS & OTHERS,5008001,Unknown,673,CLAIMS FROM RE-INSURANCE BUSINESS,Current
5008002001,REVENUE,5,CLAIM RECOVERED FROM RE-INSURERS & OTHERS,5008,CLAIM RECEIVED FROM RETROCESSION BUSINESS,5008002,Unknown,674,CLAIM RECEIVED FROM RETROCESSION BUSINESS,Current
5008003001,REVENUE,5,CLAIM RECOVERED FROM RE-INSURERS & OTHERS,5008,CLAIM OUTWARD OBLIGATORY(OLD),5008003,Unknown,675,CLAIM OUTWARD OBLIGATORY(OLD),Current
5008004001,REVENUE,5,CLAIM RECOVERED FROM RE-INSURERS & OTHERS,5008,CLAIM IST SURPLUS(OLD) ,5008004,Unknown,676,CLAIM IST SURPLUS(OLD),Current
5008005001,REVENUE,5,CLAIM RECOVERED FROM RE-INSURERS & OTHERS,5008,CLAIM 2ND SURPLUS(OLD),5008005,Unknown,677,CLAIM 2ND SURPLUS(OLD),Current
5008006001,REVENUE,5,CLAIM RECOVERED FROM RE-INSURERS & OTHERS,5008,CLAIM FOREIGN FACUL. OBLIGATORY OUTWARD(OLD),5008006,Unknown,678,CLAIM FOREIGN FACUL. OBLIGATORY OUTWARD(OLD),Current
5008007001,REVENUE,5,CLAIM RECOVERED FROM RE-INSURERS & OTHERS,5008,CLAIM EXCESS OF LOSS(OLD),5008007,Unknown,679,CLAIM EXCESS OF LOSS(OLD),Current
5009001001,REVENUE,5,ADMINISTRATIVE SURCHARGE,5009,ADMINISTRATIVE SURCHARGE,5009001,Unknown,680,ADMINISTRATIVE SURCHARGE,Current
5009001002,REVENUE,5,ADMINISTRATIVE SURCHARGE,5009,ADMINISTRATIVE SURCHARGE,5009001,Unknown,681,UNIT SURCHAGE (HEALTH INSURANCE),Current
5010001001,REVENUE,5,EXPENSES(OLD),5010,MARKETING COST,5010001,Unknown,682,EMPLOYER OF AGENT,Current
5010001002,REVENUE,5,EXPENSES(OLD),5010,MARKETING COST,5010001,Unknown,683,ADMINISTRATIVE SURCHARGE,Current
5010001003,REVENUE,5,EXPENSES(OLD),5010,MARKETING COST,5010001,Unknown,684,DEVELOPMENT EXPENSES,Current
5010002001,REVENUE,5,EXPENSES(OLD),5010,MANAGEMENT EXPENSES,5010002,Unknown,685,MANAGEMENT EXPENSES,Current
5011001001,REVENUE,5,SERVICE CHARGES RECEIVED FROM CO-INS,5011,SERVICE CHARGES RECEIVED FROM CO-INS,5011001,Unknown,686,SERVICE CHARGES RECEIVED FROM CO-INS,Current
5012001001,REVENUE,5,INVESTMENT INCOME,5012,INVESTMENT INCOME,5012001,Unknown,687,INTEREST INCOME,Current
5012001002,REVENUE,5,INVESTMENT INCOME,5012,INVESTMENT INCOME,5012001,Unknown,688,DIVIDEND INCOME,Current
5012001003,REVENUE,5,INVESTMENT INCOME,5012,INVESTMENT INCOME,5012001,Unknown,689,P/L ON SALE OF INVESTMENT(NOT TO BE USED),Current
5013001001,REVENUE,5,RENTAL INCOME,5013,RENTAL INCOME,5013001,Unknown,690,RENTAL INCOME,Current
5014001001,REVENUE,5,OTHER INCOME,5014,OTHER INCOME,5014001,Unknown,691,MISC RECEIPTS (PTF),Current
5014001002,REVENUE,5,OTHER INCOME,5014,OTHER INCOME,5014001,Unknown,692,PROFIT/LOSS ON SALE OF FIXED ASSETS,Current
5014001003,REVENUE,5,OTHER INCOME,5014,OTHER INCOME,5014001,Unknown,693,INCOME FROM COT,Current
5015001001,REVENUE,5,PROFIT & LOSS APPROPRIATION A/C,5015,PROFIT & LOSS APPROPRIATION A/C,5015001,Unknown,694,PROFIT & LOSS APPROPRIATION A/C,Current
5015001002,REVENUE,5,PROFIT & LOSS APPROPRIATION A/C,5015,PROFIT & LOSS APPROPRIATION A/C,5015001,Unknown,695,Other Comprehensive Income,Current
5015001003,REVENUE,5,PROFIT & LOSS APPROPRIATION A/C,5015,PROFIT & LOSS APPROPRIATION A/C,5015001,Unknown,696,PROFIT & LOSS APPROPRIATION A/C (PTF),Current
5015001004,REVENUE,5,PROFIT & LOSS APPROPRIATION A/C,5015,PROFIT & LOSS APPROPRIATION A/C,5015001,Unknown,697,Unrealised G/Loss on Revaluation of Investment OCI,Current
5016001001,REVENUE,5,PROFIT/LOSS ON UNEARNED PREMIUM,5016,PROFIT/LOSS ON UNEARNED PREMIUM,5016001,Unknown,698,PROFIT/LOSS ON UNEARNED PREMIUM,Current
5016001002,REVENUE,5,PROFIT/LOSS ON UNEARNED PREMIUM,5016,PROFIT/LOSS ON UNEARNED PREMIUM,5016001,Unknown,699,PROFIT/LOSS ON UNEARNED WAKALA FEE (SHF),Current
5017001001,REVENUE,5,PROFIT/LOSS ON RE-INS PREMIUM CEDED,5017,PROFIT/LOSS ON RE-INS PREMIUM CEDED,5017001,Unknown,700,PROFIT/LOSS ON RE-INS PREMIUM CEDED,Current
